0,1,2
0.942,0.511,-0.451
0.397,0.172,-0.602
0.404,0.222,-0.615
0.41,0.265,-0.648
0.413,0.322,-0.665
0.43,0.383,-0.685
0.453,0.437,-0.707
0.457,0.489,-0.709
0.473,0.538,-0.72
0.484,0.59,-0.729
0.49,0.626,-0.737
0.509,0.681,-0.756
0.512,0.741,-0.759
0.524,0.785,-0.778
0.526,0.843,-0.78
0.527,0.902,-0.795
0.544,0.965,-0.802
0.554,1.022,-0.807
0.557,1.078,-0.799
0.57,1.134,-0.804
0.571,1.199,-0.792
0.585,1.253,-0.797
0.593,1.304,-0.792
0.604,1.338,-0.771
0.601,1.388,-0.741
0.615,1.425,-0.724
0.624,1.456,-0.705
0.631,1.495,-0.694
0.635,1.526,-0.673
0.645,1.54,-0.643
0.646,1.558,-0.618
0.648,1.57,-0.595
0.65,1.576,-0.57
0.662,1.586,-0.533
0.667,1.582,-0.518
0.662,1.583,-0.489
0.655,1.57,-0.447
0.658,1.559,-0.419
0.658,1.542,-0.388
0.667,1.526,-0.36
0.666,1.498,-0.326
0.661,1.469,-0.298
0.659,1.443,-0.27
0.659,1.404,-0.247
0.658,1.37,-0.22
0.661,1.334,-0.189
0.649,1.297,-0.163
0.645,1.245,-0.137
0.632,1.185,-0.113
0.641,1.139,-0.088
0.626,1.083,-0.065
0.617,1.036,-0.053
0.608,0.971,-0.035
0.607,0.923,-0.021
0.595,0.86,-0.004
0.597,0.795,0.005
0.578,0.735,0.018
0.579,0.671,0.03
0.553,0.616,0.042
0.549,0.554,0.033
0.535,0.499,0.058
0.536,0.439,0.047
0.519,0.384,0.04
0.508,0.314,0.037
0.498,0.281,0.045
0.483,0.223,0.038
0.483,0.182,0.039
0.464,0.117,0.021
0.467,0.085,0.003
0.443,0.039,-0.023
0.439,0.003,-0.03
0.433,-0.032,-0.045
0.427,-0.073,-0.063
0.417,-0.099,-0.085
0.408,-0.128,-0.099
0.399,-0.15,-0.143
0.389,-0.168,-0.155
0.383,-0.181,-0.174
0.379,-0.175,-0.21
0.376,-0.183,-0.23
0.37,-0.185,-0.261
0.369,-0.177,-0.293
0.364,-0.158,-0.321
0.365,-0.14,-0.361
0.365,-0.116,-0.398
0.355,-0.096,-0.429
0.366,-0.065,-0.443
0.371,-0.033,-0.473
0.371,0.008,-0.501
0.376,0.047,-0.538
0.376,0.087,-0.56
0.384,0.131,-0.587
0.396,0.182,-0.62
0.399,0.238,-0.633
0.416,0.294,-0.65
0.427,0.347,-0.675
0.442,0.406,-0.689
0.45,0.449,-0.698
0.47,0.511,-0.711
0.482,0.561,-0.732
0.489,0.607,-0.728
0.502,0.655,-0.748
0.507,0.717,-0.758
0.521,0.764,-0.769
0.526,0.812,-0.774
0.527,0.874,-0.791
0.538,0.931,-0.803
0.549,0.974,-0.806
0.554,1.042,-0.794
0.563,1.099,-0.802
0.574,1.167,-0.797
0.578,1.218,-0.784
0.589,1.272,-0.78
0.597,1.322,-0.765
0.603,1.364,-0.764
0.607,1.398,-0.739
0.618,1.437,-0.716
0.622,1.47,-0.705
0.628,1.496,-0.681
0.641,1.527,-0.657
0.644,1.548,-0.627
0.647,1.562,-0.612
0.652,1.574,-0.58
0.644,1.583,-0.555
0.654,1.589,-0.518
0.656,1.582,-0.495
0.672,1.584,-0.473
0.664,1.569,-0.444
0.669,1.555,-0.413
0.666,1.54,-0.375
0.668,1.514,-0.343
0.665,1.49,-0.325
0.661,1.455,-0.289
0.662,1.44,-0.258
0.659,1.398,-0.232
0.665,1.358,-0.208
0.655,1.317,-0.184
0.646,1.276,-0.158
0.642,1.229,-0.128
0.633,1.172,-0.12
0.629,1.118,-0.084
0.628,1.058,-0.05
0.614,1.013,-0.038
0.608,0.953,-0.03
0.597,0.887,-0.009
0.591,0.822,0.015
0.574,0.757,0.028
0.571,0.706,0.027
0.558,0.64,0.037
0.55,0.58,0.043
0.538,0.532,0.056
0.523,0.463,0.045
0.517,0.402,0.044
0.51,0.348,0.044
0.508,0.291,0.034
0.492,0.241,0.042
0.483,0.192,0.029
0.47,0.153,0.018
0.461,0.096,0.019
0.446,0.053,0.005
0.443,0.012,-0.008
0.437,-0.023,-0.033
0.424,-0.052,-0.046
0.421,-0.082,-0.062
0.405,-0.115,-0.089
0.398,-0.133,-0.112
0.399,-0.149,-0.144
0.391,-0.17,-0.169
0.384,-0.179,-0.194
0.372,-0.191,-0.22
0.371,-0.191,-0.243
0.363,-0.181,-0.279
0.36,-0.17,-0.314
0.355,-0.161,-0.344
0.357,-0.137,-0.37
0.361,-0.113,-0.396
0.36,-0.085,-0.428
0.368,-0.053,-0.467
0.368,-0.01,-0.499
0.372,0.034,-0.523
0.38,0.078,-0.547
0.38,0.111,-0.578
0.384,0.172,-0.606
0.406,0.225,-0.629
0.407,0.266,-0.647
0.418,0.333,-0.671
0.435,0.379,-0.694
0.437,0.429,-0.701
0.456,0.478,-0.712
0.462,0.54,-0.718
0.485,0.582,-0.732
0.482,0.624,-0.738
0.499,0.674,-0.746
0.511,0.728,-0.768
0.518,0.781,-0.774
0.525,0.844,-0.79
0.538,0.897,-0.803
0.544,0.951,-0.796
0.542,1.013,-0.809
0.557,1.073,-0.81
0.574,1.133,-0.806
0.574,1.185,-0.807
0.583,1.236,-0.794
0.581,1.294,-0.784
0.591,1.341,-0.769
0.609,1.38,-0.749
0.615,1.413,-0.732
0.616,1.45,-0.706
0.621,1.481,-0.698
0.63,1.511,-0.662
0.635,1.525,-0.643
0.65,1.552,-0.626
0.649,1.569,-0.6
0.648,1.579,-0.562
0.654,1.57,-0.531
0.658,1.575,-0.515
0.666,1.582,-0.488
0.662,1.571,-0.45
0.666,1.561,-0.424
0.664,1.549,-0.399
0.662,1.52,-0.374
0.66,1.508,-0.338
0.665,1.471,-0.31
0.661,1.441,-0.273
0.659,1.406,-0.256
0.656,1.37,-0.226
0.652,1.341,-0.193
0.656,1.293,-0.173
0.644,1.246,-0.146
0.636,1.2,-0.122
0.628,1.143,-0.101
0.625,1.092,-0.079
0.614,1.036,-0.061
0.611,0.977,-0.042
0.602,0.923,-0.011
0.592,0.852,-0.002
0.588,0.796,0.018
0.577,0.738,0.034
0.567,0.676,0.031
0.556,0.614,0.042
0.543,0.554,0.035
0.539,0.487,0.049
0.522,0.433,0.045
0.514,0.373,0.049
0.505,0.323,0.041
0.493,0.266,0.047
0.481,0.22,0.032
0.473,0.174,0.036
0.458,0.129,0.015
0.466,0.088,0.009
0.446,0.041,-0.007
0.438,0.001,-0.015
0.433,-0.033,-0.048
0.42,-0.068,-0.068
0.41,-0.097,-0.083
0.404,-0.118,-0.103
0.398,-0.15,-0.133
0.391,-0.163,-0.16
0.387,-0.177,-0.182
0.383,-0.182,-0.207
0.372,-0.188,-0.225
0.372,-0.184,-0.251
0.368,-0.179,-0.296
0.36,-0.16,-0.325
0.365,-0.141,-0.356
0.367,-0.126,-0.392
0.363,-0.103,-0.411
0.367,-0.066,-0.441
0.357,-0.039,-0.481
0.365,0.006,-0.512
0.378,0.038,-0.539
0.378,0.08,-0.565
0.383,0.129,-0.594
0.388,0.18,-0.605
0.403,0.227,-0.629
0.407,0.28,-0.651
0.423,0.338,-0.671
0.44,0.393,-0.69
0.459,0.449,-0.696
0.464,0.507,-0.718
0.464,0.548,-0.728
0.486,0.586,-0.729
0.496,0.645,-0.745
0.506,0.7,-0.758
0.512,0.747,-0.759
0.523,0.795,-0.772
0.527,0.864,-0.803
0.536,0.911,-0.795
0.544,0.969,-0.801
0.56,1.03,-0.805
0.562,1.101,-0.793
0.573,1.155,-0.803
0.575,1.217,-0.799
0.589,1.268,-0.78
0.591,1.312,-0.775
0.6,1.353,-0.753
0.612,1.397,-0.746
0.621,1.436,-0.718
0.619,1.464,-0.708
0.634,1.494,-0.696
0.637,1.519,-0.657
0.647,1.544,-0.627
0.645,1.563,-0.609
0.658,1.568,-0.586
0.67,1.584,-0.554
0.658,1.583,-0.518
0.672,1.583,-0.5
0.671,1.572,-0.478
0.67,1.567,-0.442
0.669,1.557,-0.422
0.663,1.543,-0.386
0.668,1.515,-0.359
0.674,1.492,-0.326
0.673,1.468,-0.286
0.659,1.428,-0.267
0.663,1.402,-0.234
0.662,1.362,-0.216
0.655,1.328,-0.182
0.645,1.274,-0.154
0.64,1.219,-0.125
0.642,1.173,-0.113
0.632,1.118,-0.095
0.62,1.067,-0.066
0.614,1.01,-0.038
0.597,0.954,-0.023
0.602,0.883,-0.01
0.593,0.828,0.007
0.59,0.773,0.015
0.573,0.72,0.036
0.567,0.655,0.031
0.555,0.596,0.051
0.556,0.542,0.045
0.542,0.483,0.048
0.526,0.422,0.051
0.516,0.365,0.045
0.502,0.301,0.034
0.495,0.251,0.036
0.492,0.204,0.038
0.477,0.157,0.023
0.467,0.109,0.004
0.458,0.07,-0.011
0.445,0.02,-0.018
0.43,-0.018,-0.029
0.431,-0.043,-0.063
0.422,-0.083,-0.068
0.411,-0.108,-0.086
0.389,-0.13,-0.096
0.268,-0.094,-0.118
0.163,-0.027,-0.147
0.091,0.066,-0.182
0.04,0.149,-0.203
0.013,0.231,-0.226
-0.011,0.322,-0.249
-0.023,0.413,-0.282
-0.027,0.474,-0.291
-0.042,0.521,-0.302
-0.028,0.582,-0.315
-0.033,0.615,-0.32
-0.027,0.646,-0.333
-0.032,0.673,-0.334
-0.034,0.697,-0.329
-0.029,0.723,-0.347
-0.02,0.728,-0.355
-0.025,0.755,-0.352
-0.028,0.773,-0.357
-0.024,0.785,-0.364
-0.024,0.807,-0.377
-0.019,0.818,-0.39
-0.022,0.843,-0.397
-0.017,0.875,-0.409
-0.025,0.905,-0.413
-0.015,0.943,-0.429
-0.012,0.986,-0.414
-0.0,1.009,-0.41
0.001,1.03,-0.404
0.009,1.054,-0.382
0.02,1.061,-0.381
0.019,1.07,-0.347
0.018,1.071,-0.336
0.015,1.055,-0.311
0.014,1.054,-0.309
0.018,1.039,-0.307
0.015,1.035,-0.299
0.015,1.028,-0.289
0.006,1.018,-0.29
0.015,0.999,-0.278
0.014,0.993,-0.274
0.005,0.993,-0.284
0.006,0.986,-0.284
0.005,0.977,-0.284
0.003,0.968,-0.27
-0.005,0.968,-0.286
-0.002,0.965,-0.29
-0.004,0.957,-0.283
-0.009,0.954,-0.268
-0.008,0.951,-0.279
-0.01,0.955,-0.284
-0.009,0.949,-0.288
-0.009,0.94,-0.272
-0.014,0.933,-0.269
-0.012,0.939,-0.269
-0.011,0.94,-0.275
-0.014,0.925,-0.273
-0.009,0.931,-0.267
-0.013,0.919,-0.26
-0.009,0.917,-0.262
-0.011,0.914,-0.251
-0.007,0.904,-0.263
-0.013,0.899,-0.26
-0.014,0.892,-0.255
-0.009,0.886,-0.254
-0.013,0.881,-0.254
-0.014,0.873,-0.24
-0.009,0.863,-0.238
-0.009,0.859,-0.249
-0.01,0.847,-0.246
-0.017,0.842,-0.252
-0.01,0.837,-0.254
-0.022,0.829,-0.251
-0.018,0.83,-0.235
-0.014,0.828,-0.253
-0.012,0.816,-0.251
-0.019,0.818,-0.249
-0.018,0.811,-0.252
-0.016,0.806,-0.251
-0.019,0.801,-0.244
-0.026,0.794,-0.259
-0.023,0.803,-0.255
-0.019,0.797,-0.258
-0.027,0.786,-0.253
-0.026,0.78,-0.258
-0.023,0.787,-0.261
-0.022,0.777,-0.265
-0.034,0.78,-0.264
-0.021,0.775,-0.266
-0.027,0.78,-0.275
-0.027,0.779,-0.274
-0.032,0.812,-0.276
-0.031,0.778,-0.292
-0.028,0.777,-0.294
-0.026,0.778,-0.281
-0.024,0.776,-0.284
-0.025,0.775,-0.29
-0.022,0.78,-0.302
-0.028,0.783,-0.31
-0.03,0.794,-0.302
-0.034,0.783,-0.308
-0.031,0.795,-0.311
-0.03,0.796,-0.332
-0.032,0.811,-0.33
-0.035,0.81,-0.338
-0.025,0.826,-0.348
-0.031,0.841,-0.365
-0.025,0.86,-0.36
-0.025,0.87,-0.361
-0.02,0.891,-0.383
-0.019,0.921,-0.383
-0.014,0.946,-0.406
-0.015,0.98,-0.397
-0.001,0.999,-0.4
0.001,1.027,-0.378
0.006,1.045,-0.387
0.008,1.053,-0.378
0.014,1.061,-0.356
0.009,1.062,-0.336
0.019,1.053,-0.332
0.023,1.052,-0.318
0.022,1.042,-0.312
0.016,1.022,-0.296
0.013,1.022,-0.3
0.013,1.012,-0.285
0.013,1.007,-0.289
0.012,1.001,-0.277
0.008,0.989,-0.286
0.004,0.981,-0.276
0.001,0.98,-0.278
-0.005,0.975,-0.279
-0.006,0.97,-0.286
-0.003,0.963,-0.278
0.004,0.964,-0.28
-0.005,0.956,-0.288
-0.001,0.948,-0.285
-0.012,0.945,-0.278
-0.003,0.946,-0.274
-0.014,0.944,-0.279
-0.011,0.944,-0.277
-0.004,0.938,-0.267
-0.011,0.936,-0.276
-0.009,0.926,-0.262
-0.01,0.925,-0.259
-0.008,0.915,-0.263
-0.01,0.913,-0.264
-0.011,0.911,-0.265
-0.014,0.913,-0.261
-0.005,0.91,-0.261
-0.018,0.896,-0.254
-0.012,0.885,-0.256
-0.006,0.892,-0.254
-0.012,0.879,-0.266
-0.012,0.871,-0.265
-0.016,0.864,-0.254
-0.017,0.858,-0.249
-0.015,0.851,-0.257
-0.013,0.856,-0.247
-0.015,0.839,-0.251
-0.015,0.835,-0.259
-0.016,0.831,-0.253
-0.019,0.828,-0.25
-0.012,0.817,-0.261
-0.023,0.81,-0.246
-0.019,0.803,-0.257
-0.028,0.809,-0.255
-0.025,0.797,-0.261
-0.027,0.799,-0.257
-0.025,0.799,-0.26
-0.028,0.79,-0.266
-0.024,0.797,-0.269
-0.028,0.791,-0.265
-0.029,0.787,-0.266
-0.029,0.783,-0.276
-0.033,0.779,-0.262
-0.033,0.775,-0.272
-0.028,0.776,-0.293
-0.028,0.781,-0.281
-0.034,0.781,-0.275
-0.038,0.777,-0.292
-0.031,0.78,-0.292
-0.027,0.781,-0.295
-0.037,0.784,-0.29
-0.035,0.782,-0.3
-0.03,0.786,-0.302
-0.036,0.788,-0.303
-0.038,0.791,-0.314
-0.03,0.804,-0.315
-0.034,0.801,-0.32
-0.037,0.806,-0.326
-0.034,0.817,-0.34
-0.035,0.816,-0.339
-0.04,0.828,-0.355
-0.035,0.847,-0.364
-0.047,0.857,-0.367
-0.033,0.883,-0.375
-0.028,0.911,-0.395
-0.028,0.937,-0.407
-0.023,0.968,-0.407
-0.015,0.992,-0.395
-0.002,1.025,-0.398
-0.001,1.048,-0.382
0.006,1.061,-0.362
0.013,1.067,-0.355
0.015,1.068,-0.35
0.002,1.06,-0.333
0.016,1.056,-0.32
0.01,1.046,-0.301
0.016,1.029,-0.304
0.009,1.022,-0.296
0.014,1.011,-0.286
0.004,0.999,-0.29
0.004,0.995,-0.271
-0.007,0.978,-0.281
-0.004,0.979,-0.276
-0.009,0.974,-0.278
-0.006,0.963,-0.275
-0.005,0.971,-0.277
-0.008,0.96,-0.285
-0.013,0.96,-0.271
-0.007,0.954,-0.274
-0.015,0.948,-0.277
-0.013,0.949,-0.275
-0.01,0.949,-0.274
-0.009,0.942,-0.272
-0.012,0.943,-0.268
-0.017,0.931,-0.258
-0.02,0.928,-0.26
-0.016,0.926,-0.275
-0.018,0.919,-0.257
-0.013,0.922,-0.249
-0.016,0.917,-0.256
-0.019,0.9,-0.261
-0.015,0.899,-0.252
-0.018,0.897,-0.251
-0.022,0.885,-0.247
-0.026,0.881,-0.252
-0.017,0.882,-0.249
-0.02,0.866,-0.248
-0.021,0.865,-0.249
-0.016,0.856,-0.234
-0.016,0.862,-0.249
-0.016,0.842,-0.246
-0.016,0.841,-0.252
-0.023,0.841,-0.243
-0.024,0.823,-0.245
-0.021,0.825,-0.242
-0.024,0.825,-0.245
-0.032,0.812,-0.243
-0.03,0.803,-0.24
-0.026,0.802,-0.246
-0.031,0.805,-0.253
-0.029,0.794,-0.255
-0.027,0.794,-0.253
-0.028,0.785,-0.256
-0.028,0.79,-0.252
-0.036,0.778,-0.254
-0.026,0.782,-0.273
-0.026,0.781,-0.264
-0.027,0.778,-0.272
-0.026,0.78,-0.269
-0.028,0.775,-0.269
-0.034,0.779,-0.29
-0.025,0.774,-0.279
-0.03,0.773,-0.28
-0.028,0.774,-0.275
-0.035,0.786,-0.292
-0.028,0.785,-0.301
-0.027,0.78,-0.287
-0.033,0.789,-0.298
-0.031,0.795,-0.308
-0.029,0.797,-0.308
-0.036,0.804,-0.309
-0.025,0.799,-0.318
-0.027,0.807,-0.316
-0.036,0.813,-0.327
-0.033,0.814,-0.331
-0.037,0.82,-0.346
-0.035,0.839,-0.357
-0.03,0.854,-0.36
-0.022,0.876,-0.383
-0.028,0.899,-0.388
-0.033,0.922,-0.395
-0.023,0.947,-0.411
-0.016,0.973,-0.404
-0.008,1.005,-0.411
-0.005,1.032,-0.395
-0.007,1.048,-0.385
0.006,1.064,-0.358
0.017,1.067,-0.355
0.013,1.071,-0.324
0.014,1.064,-0.33
0.014,1.055,-0.311
0.008,1.041,-0.304
0.023,1.027,-0.292
0.016,1.021,-0.291
-0.0,1.008,-0.288
0.001,1.004,-0.289
0.004,0.992,-0.274
0.008,0.988,-0.277
0.001,0.98,-0.277
0.001,0.977,-0.272
-0.008,0.973,-0.274
-0.008,0.963,-0.285
-0.015,0.962,-0.267
-0.008,0.967,-0.27
-0.011,0.958,-0.271
-0.011,0.956,-0.28
-0.007,0.943,-0.274
-0.015,0.948,-0.265
-0.02,0.947,-0.271
-0.013,0.94,-0.275
-0.011,0.933,-0.265
-0.015,0.932,-0.266
-0.013,0.927,-0.268
-0.02,0.917,-0.252
-0.015,0.912,-0.263
-0.016,0.905,-0.245
-0.014,0.909,-0.251
-0.019,0.908,-0.262
-0.017,0.896,-0.252
-0.016,0.886,-0.248
-0.018,0.889,-0.241
-0.015,0.88,-0.244
-0.023,0.878,-0.248
-0.019,0.869,-0.245
-0.018,0.868,-0.251
-0.017,0.866,-0.251
-0.017,0.845,-0.252
-0.023,0.842,-0.242
-0.019,0.827,-0.243
-0.031,0.835,-0.256
-0.017,0.826,-0.243
-0.019,0.823,-0.247
-0.013,0.829,-0.254
-0.031,0.813,-0.245
-0.023,0.814,-0.261
-0.025,0.811,-0.254
-0.022,0.8,-0.26
-0.024,0.798,-0.259
-0.035,0.806,-0.255
-0.028,0.795,-0.269
-0.026,0.788,-0.274
-0.023,0.786,-0.278
-0.023,0.788,-0.268
-0.024,0.787,-0.267
-0.028,0.783,-0.285
-0.019,0.785,-0.278
-0.031,0.783,-0.28
-0.026,0.777,-0.293
-0.024,0.789,-0.283
-0.027,0.782,-0.281
-0.027,0.781,-0.291
-0.035,0.782,-0.292
-0.032,0.795,-0.299
-0.022,0.789,-0.293
-0.033,0.786,-0.301
-0.028,0.789,-0.297
-0.03,0.797,-0.314
-0.032,0.805,-0.321
-0.03,0.806,-0.33
-0.033,0.808,-0.338
-0.036,0.817,-0.337
-0.028,0.832,-0.342
-0.03,0.842,-0.354
-0.033,0.852,-0.363
-0.031,0.87,-0.376
-0.035,0.89,-0.383
-0.026,0.918,-0.391
-0.031,0.947,-0.421
-0.027,0.98,-0.403
-0.017,1.008,-0.399
-0.013,1.027,-0.394
-0.008,1.044,-0.386
0.003,1.057,-0.369
0.013,1.064,-0.35
0.008,1.056,-0.335
0.014,1.056,-0.33
0.012,1.046,-0.308
0.009,1.038,-0.31
0.007,1.029,-0.3
0.005,1.016,-0.283
0.011,1.006,-0.288
0.003,1.001,-0.291
-0.003,0.995,-0.281
0.008,0.994,-0.29
-0.003,0.982,-0.28
0.005,0.977,-0.289
-0.004,0.974,-0.277
0.002,0.965,-0.296
0.003,0.942,-0.287
-0.026,0.814,-0.242
-0.042,0.602,-0.215
-0.038,0.417,-0.198
-0.011,0.265,-0.204
0.019,0.18,-0.22
0.049,0.105,-0.251
0.08,0.054,-0.282
0.097,0.038,-0.314
0.116,0.03,-0.355
0.144,0.028,-0.39
0.17,0.036,-0.426
0.185,0.052,-0.452
0.201,0.076,-0.483
0.215,0.106,-0.523
0.223,0.144,-0.548
0.248,0.188,-0.555
0.243,0.224,-0.58
0.262,0.272,-0.605
0.279,0.311,-0.632
0.286,0.373,-0.651
0.302,0.43,-0.676
0.321,0.494,-0.691
0.317,0.551,-0.701
0.336,0.607,-0.729
0.346,0.671,-0.738
0.361,0.718,-0.748
0.372,0.784,-0.75
0.382,0.842,-0.772
0.392,0.902,-0.767
0.397,0.948,-0.774
0.411,1.007,-0.768
0.423,1.05,-0.768
0.435,1.114,-0.761
0.429,1.163,-0.754
0.444,1.216,-0.745
0.46,1.262,-0.734
0.477,1.308,-0.726
0.481,1.347,-0.715
0.499,1.389,-0.708
0.502,1.426,-0.689
0.519,1.457,-0.678
0.526,1.483,-0.652
0.531,1.507,-0.636
0.537,1.52,-0.614
0.537,1.536,-0.597
0.549,1.546,-0.571
0.552,1.556,-0.538
0.559,1.569,-0.513
0.564,1.565,-0.49
0.568,1.569,-0.46
0.579,1.557,-0.431
0.581,1.55,-0.407
0.586,1.531,-0.375
0.583,1.511,-0.342
0.582,1.495,-0.328
0.587,1.457,-0.29
0.578,1.428,-0.261
0.59,1.39,-0.232
0.582,1.353,-0.211
0.575,1.31,-0.189
0.581,1.269,-0.159
0.574,1.221,-0.145
0.573,1.183,-0.126
0.567,1.127,-0.11
0.567,1.073,-0.095
0.566,1.034,-0.082
0.555,0.977,-0.075
0.557,0.936,-0.06
0.549,0.883,-0.053
0.538,0.835,-0.038
0.536,0.789,-0.026
0.519,0.729,-0.024
0.51,0.678,-0.005
0.496,0.648,-0.002
0.483,0.598,0.003
0.479,0.557,0.005
0.472,0.498,0.025
0.458,0.456,0.021
0.447,0.403,0.034
0.432,0.345,0.038
0.425,0.293,0.044
0.412,0.242,0.039
0.393,0.196,0.036
0.387,0.147,0.023
0.368,0.09,0.018
0.357,0.045,0.01
0.358,0.006,-0.021
0.344,-0.026,-0.029
0.335,-0.06,-0.048
0.324,-0.096,-0.07
0.314,-0.118,-0.097
0.3,-0.139,-0.135
0.297,-0.152,-0.158
0.29,-0.161,-0.192
0.292,-0.159,-0.218
0.289,-0.164,-0.253
0.285,-0.159,-0.28
0.286,-0.145,-0.308
0.277,-0.126,-0.353
0.275,-0.103,-0.374
0.276,-0.075,-0.406
0.284,-0.044,-0.439
0.283,-0.008,-0.469
0.289,0.033,-0.497
0.291,0.08,-0.532
0.292,0.12,-0.558
0.298,0.173,-0.587
0.304,0.228,-0.606
0.317,0.273,-0.629
0.306,0.314,-0.645
0.324,0.382,-0.664
0.331,0.441,-0.686
0.302,0.502,-0.699
0.344,0.551,-0.718
0.361,0.607,-0.731
0.362,0.671,-0.739
0.375,0.725,-0.75
0.386,0.781,-0.754
0.396,0.853,-0.763
0.4,0.913,-0.768
0.42,0.961,-0.76
0.424,1.019,-0.763
0.441,1.074,-0.778
0.45,1.087,-0.766
0.45,1.17,-0.756
0.466,1.227,-0.748
0.483,1.27,-0.734
0.484,1.312,-0.736
0.494,1.353,-0.715
0.501,1.391,-0.706
0.507,1.415,-0.691
0.518,1.44,-0.671
0.525,1.479,-0.659
0.53,1.498,-0.636
0.541,1.52,-0.603
0.555,1.54,-0.586
0.55,1.557,-0.561
0.562,1.556,-0.542
0.566,1.562,-0.512
0.572,1.566,-0.481
0.579,1.563,-0.462
0.585,1.56,-0.423
0.584,1.54,-0.397
0.578,1.523,-0.371
0.585,1.504,-0.358
0.593,1.477,-0.315
0.587,1.452,-0.288
0.581,1.418,-0.261
0.582,1.373,-0.226
0.584,1.346,-0.197
0.587,1.296,-0.176
0.575,1.253,-0.157
0.581,1.21,-0.137
0.577,1.158,-0.131
0.578,1.115,-0.112
0.573,1.068,-0.092
0.566,1.016,-0.08
0.569,0.973,-0.068
0.56,0.921,-0.065
0.549,0.874,-0.046
0.549,0.832,-0.032
0.538,0.771,-0.029
0.525,0.723,-0.022
0.527,0.673,-0.013
0.512,0.635,-0.006
0.506,0.6,0.004
0.481,0.542,0.008
0.472,0.5,0.014
0.459,0.457,0.024
0.437,0.399,0.038
0.431,0.354,0.037
0.422,0.296,0.045
0.42,0.25,0.042
0.397,0.191,0.05
0.383,0.139,0.022
0.373,0.09,0.012
0.358,0.041,0.003
0.353,0.01,-0.004
0.345,-0.033,-0.038
0.332,-0.069,-0.056
0.325,-0.102,-0.082
0.314,-0.12,-0.121
0.31,-0.146,-0.145
0.299,-0.156,-0.164
0.289,-0.161,-0.193
0.293,-0.163,-0.22
0.285,-0.171,-0.262
0.279,-0.154,-0.288
0.279,-0.141,-0.329
0.282,-0.118,-0.36
0.289,-0.094,-0.385
0.283,-0.07,-0.433
0.28,-0.032,-0.454
0.286,0.001,-0.479
0.286,0.035,-0.509
0.286,0.085,-0.54
0.292,0.122,-0.557
0.296,0.173,-0.579
0.309,0.22,-0.608
0.309,0.266,-0.63
0.319,0.318,-0.646
0.321,0.379,-0.675
0.322,0.444,-0.688
0.336,0.494,-0.706
0.34,0.562,-0.719
0.36,0.618,-0.735
0.368,0.682,-0.747
0.38,0.741,-0.745
0.393,0.795,-0.763
0.4,0.854,-0.764
0.403,0.909,-0.77
0.41,0.957,-0.773
0.426,1.022,-0.777
0.431,1.066,-0.773
0.449,1.127,-0.765
0.458,1.182,-0.753
0.47,1.232,-0.756
0.482,1.28,-0.745
0.486,1.314,-0.734
0.494,1.352,-0.724
0.501,1.397,-0.7
0.514,1.429,-0.682
0.514,1.453,-0.667
0.525,1.478,-0.652
0.533,1.498,-0.627
0.541,1.523,-0.621
0.544,1.533,-0.591
0.552,1.547,-0.563
0.562,1.549,-0.536
0.564,1.559,-0.506
0.569,1.57,-0.482
0.574,1.558,-0.453
0.583,1.542,-0.417
0.583,1.53,-0.393
0.589,1.525,-0.363
0.585,1.499,-0.354
0.59,1.467,-0.316
0.587,1.436,-0.285
0.59,1.405,-0.248
0.578,1.378,-0.237
0.584,1.334,-0.203
0.588,1.298,-0.186
0.587,1.248,-0.154
0.575,1.209,-0.137
0.574,1.152,-0.122
0.578,1.099,-0.102
0.57,1.051,-0.088
0.564,1.006,-0.078
0.565,0.956,-0.076
0.568,0.918,-0.05
0.559,0.873,-0.039
0.546,0.815,-0.04
0.535,0.771,-0.028
0.528,0.727,-0.022
0.509,0.671,-0.002
0.504,0.625,-0.004
0.483,0.579,0.003
0.486,0.535,0.007
0.463,0.482,0.017
0.446,0.431,0.028
0.44,0.39,0.03
0.432,0.327,0.036
0.422,0.269,0.041
0.402,0.219,0.034
0.399,0.169,0.03
0.377,0.115,0.012
0.374,0.077,0.016
0.365,0.032,0.004
0.348,-0.003,-0.019
0.337,-0.045,-0.044
0.33,-0.082,-0.052
0.316,-0.108,-0.085
0.315,-0.132,-0.112
0.299,-0.153,-0.139
0.295,-0.161,-0.175
0.297,-0.168,-0.205
0.287,-0.165,-0.229
0.277,-0.163,-0.265
0.28,-0.147,-0.295
0.286,-0.138,-0.333
0.274,-0.115,-0.363
0.275,-0.091,-0.381
0.281,-0.074,-0.43
0.28,-0.029,-0.463
0.285,0.011,-0.491
0.291,0.053,-0.516
0.283,0.098,-0.533
0.287,0.139,-0.576
0.308,0.191,-0.591
0.316,0.243,-0.612
0.319,0.297,-0.631
0.321,0.35,-0.656
0.328,0.402,-0.674
0.338,0.455,-0.695
0.346,0.509,-0.713
0.35,0.568,-0.724
0.369,0.624,-0.728
0.374,0.689,-0.748
0.384,0.751,-0.744
0.388,0.81,-0.761
0.402,0.868,-0.767
0.407,0.93,-0.774
0.42,0.988,-0.769
0.428,1.044,-0.776
0.444,1.101,-0.767
0.444,1.144,-0.765
0.459,1.189,-0.763
0.469,1.239,-0.752
0.477,1.283,-0.728
0.486,1.32,-0.723
0.501,1.369,-0.716
0.508,1.397,-0.697
0.517,1.431,-0.668
0.526,1.465,-0.674
0.532,1.497,-0.633
0.538,1.515,-0.624
0.543,1.533,-0.589
0.561,1.558,-0.569
0.561,1.57,-0.553
0.567,1.559,-0.52
0.575,1.571,-0.498
0.58,1.566,-0.469
0.586,1.555,-0.449
0.583,1.552,-0.42
0.591,1.535,-0.392
0.588,1.521,-0.364
0.595,1.502,-0.331
0.594,1.471,-0.305
0.598,1.438,-0.282
0.601,1.396,-0.24
0.593,1.36,-0.218
0.586,1.316,-0.196
0.581,1.277,-0.177
0.583,1.24,-0.152
0.586,1.184,-0.133
0.577,1.134,-0.122
0.578,1.103,-0.109
0.577,1.055,-0.093
0.576,0.999,-0.08
0.573,0.959,-0.082
0.558,0.907,-0.049
0.558,0.858,-0.024
0.541,0.805,-0.026
0.541,0.754,-0.02
0.531,0.705,-0.022
0.517,0.658,-0.015
0.507,0.612,-0.001
0.492,0.562,-0.0
0.48,0.521,0.003
0.478,0.473,0.014
0.453,0.417,0.022
0.45,0.372,0.036
0.43,0.326,0.033
0.414,0.28,0.034
0.41,0.209,0.031
0.395,0.163,0.018
0.39,0.109,0.013
0.374,0.063,-0.005
0.36,0.023,-0.015
0.36,-0.021,-0.026
0.34,-0.051,-0.059
0.334,-0.087,-0.075
0.325,-0.113,-0.1
0.319,-0.132,-0.121
0.301,-0.15,-0.154
0.308,-0.162,-0.182
0.284,-0.168,-0.202
0.295,-0.165,-0.244
0.29,-0.163,-0.265
0.282,-0.15,-0.305
0.28,-0.122,-0.347
0.282,-0.101,-0.383
0.281,-0.08,-0.403
0.279,-0.054,-0.435
0.284,-0.018,-0.468
0.284,0.022,-0.507
0.289,0.065,-0.528
0.292,0.091,-0.562
0.294,0.15,-0.567
0.298,0.194,-0.601
0.302,0.232,-0.619
0.313,0.292,-0.636
0.324,0.348,-0.66
0.329,0.406,-0.692
0.338,0.478,-0.707
0.353,0.528,-0.723
0.361,0.588,-0.733
0.361,0.645,-0.751
0.366,0.704,-0.754
0.375,0.765,-0.767
0.395,0.831,-0.783
0.397,0.879,-0.782
0.405,0.931,-0.777
0.417,0.993,-0.779
0.422,1.039,-0.781
0.435,1.091,-0.768
0.454,1.15,-0.777
0.464,1.199,-0.777
0.471,1.249,-0.755
0.484,1.302,-0.751
0.5,1.337,-0.732
0.505,1.376,-0.716
0.497,1.408,-0.698
0.508,1.442,-0.687
0.531,1.47,-0.658
0.534,1.488,-0.646
0.541,1.506,-0.625
0.54,1.526,-0.6
0.552,1.544,-0.581
0.561,1.553,-0.562
0.57,1.56,-0.535
0.636,1.543,-0.503
0.729,1.472,-0.486
0.808,1.393,-0.476
0.875,1.281,-0.444
0.911,1.179,-0.423
0.925,1.075,-0.405
0.948,0.996,-0.397
0.957,0.924,-0.407
0.965,0.861,-0.393
0.973,0.801,-0.378
0.988,0.743,-0.366
0.987,0.698,-0.354
0.987,0.638,-0.347
0.983,0.602,-0.357
0.972,0.561,-0.363
0.968,0.518,-0.351
0.96,0.5,-0.356
0.956,0.469,-0.373
0.962,0.457,-0.39
0.951,0.449,-0.413
0.958,0.458,-0.423
0.951,0.462,-0.45
0.951,0.474,-0.47
0.947,0.503,-0.478
0.955,0.521,-0.482
0.946,0.533,-0.481
0.948,0.551,-0.485
0.945,0.565,-0.484
0.951,0.576,-0.464
0.951,0.579,-0.46
0.959,0.576,-0.447
0.958,0.574,-0.459
0.963,0.58,-0.441
0.967,0.566,-0.422
0.969,0.567,-0.43
0.962,0.55,-0.423
0.961,0.54,-0.426
0.952,0.535,-0.42
0.947,0.534,-0.42
0.948,0.527,-0.413
0.955,0.52,-0.421
0.944,0.513,-0.417
0.948,0.51,-0.413
0.951,0.497,-0.414
0.954,0.498,-0.414
0.953,0.488,-0.417
0.952,0.487,-0.427
0.951,0.486,-0.427
0.949,0.485,-0.431
0.946,0.479,-0.428
0.948,0.479,-0.429
0.941,0.474,-0.438
0.946,0.478,-0.437
0.943,0.477,-0.436
0.941,0.471,-0.444
0.939,0.48,-0.451
0.944,0.48,-0.454
0.949,0.488,-0.449
0.942,0.481,-0.448
0.943,0.491,-0.452
0.945,0.492,-0.468
0.951,0.5,-0.441
0.954,0.498,-0.465
0.942,0.502,-0.458
0.944,0.501,-0.467
0.942,0.513,-0.47
0.942,0.516,-0.468
0.935,0.513,-0.478
0.944,0.521,-0.464
0.949,0.526,-0.47
0.944,0.533,-0.478
0.94,0.541,-0.482
0.943,0.544,-0.473
0.95,0.547,-0.484
0.947,0.554,-0.478
0.95,0.565,-0.48
0.947,0.562,-0.477
0.957,0.564,-0.481
0.956,0.576,-0.468
0.952,0.576,-0.486
0.952,0.576,-0.475
0.946,0.588,-0.481
0.95,0.588,-0.474
0.949,0.589,-0.473
0.953,0.593,-0.474
0.953,0.594,-0.48
0.955,0.59,-0.475
0.96,0.599,-0.479
0.962,0.601,-0.459
0.956,0.605,-0.464
0.959,0.609,-0.453
0.956,0.602,-0.454
0.953,0.602,-0.443
0.957,0.599,-0.453
0.951,0.607,-0.445
0.952,0.6,-0.429
0.954,0.605,-0.435
0.959,0.595,-0.424
0.958,0.588,-0.427
0.96,0.589,-0.417
0.947,0.586,-0.409
0.953,0.565,-0.404
0.956,0.558,-0.397
0.953,0.547,-0.39
0.949,0.536,-0.401
0.949,0.517,-0.379
0.947,0.502,-0.394
0.942,0.487,-0.385
0.937,0.481,-0.38
0.936,0.467,-0.398
0.932,0.456,-0.399
0.93,0.45,-0.413
0.927,0.457,-0.433
0.93,0.462,-0.445
0.931,0.474,-0.462
0.928,0.487,-0.48
0.936,0.501,-0.482
0.942,0.531,-0.487
0.938,0.539,-0.497
0.948,0.562,-0.497
0.955,0.569,-0.48
0.959,0.569,-0.471
0.95,0.576,-0.468
0.955,0.586,-0.45
0.961,0.576,-0.45
0.963,0.58,-0.426
0.963,0.57,-0.425
0.964,0.567,-0.425
0.959,0.554,-0.43
0.959,0.547,-0.41
0.958,0.543,-0.418
0.963,0.529,-0.416
0.957,0.529,-0.411
0.949,0.518,-0.429
0.957,0.515,-0.416
0.964,0.512,-0.428
0.956,0.505,-0.427
0.956,0.493,-0.416
0.954,0.498,-0.424
0.952,0.497,-0.412
0.957,0.485,-0.422
0.943,0.483,-0.429
0.954,0.485,-0.419
0.951,0.478,-0.431
0.95,0.482,-0.435
0.958,0.485,-0.448
0.948,0.483,-0.437
0.954,0.484,-0.447
0.951,0.483,-0.443
0.947,0.485,-0.454
0.943,0.488,-0.457
0.946,0.495,-0.462
0.941,0.49,-0.457
0.953,0.494,-0.456
0.953,0.494,-0.461
0.945,0.498,-0.455
0.945,0.51,-0.464
0.948,0.503,-0.469
0.949,0.511,-0.476
0.947,0.513,-0.474
0.947,0.513,-0.468
0.947,0.532,-0.48
0.941,0.531,-0.47
0.958,0.542,-0.481
0.939,0.541,-0.468
0.946,0.542,-0.467
0.954,0.547,-0.482
0.949,0.553,-0.475
0.949,0.559,-0.483
0.949,0.566,-0.479
0.948,0.57,-0.482
0.954,0.574,-0.489
0.954,0.575,-0.485
0.951,0.578,-0.482
0.953,0.585,-0.478
0.953,0.589,-0.474
0.944,0.59,-0.476
0.953,0.597,-0.475
0.953,0.601,-0.471
0.96,0.601,-0.476
0.949,0.602,-0.468
0.953,0.607,-0.463
0.957,0.602,-0.466
0.953,0.605,-0.46
0.954,0.609,-0.458
0.956,0.614,-0.464
0.958,0.603,-0.445
0.954,0.609,-0.457
0.959,0.607,-0.438
0.955,0.6,-0.443
0.957,0.6,-0.439
0.966,0.599,-0.429
0.954,0.591,-0.422
0.959,0.585,-0.41
0.941,0.577,-0.403
0.945,0.563,-0.406
0.946,0.563,-0.404
0.948,0.543,-0.378
0.942,0.537,-0.39
0.943,0.515,-0.4
0.95,0.498,-0.396
0.943,0.487,-0.405
0.936,0.468,-0.394
0.93,0.465,-0.406
0.93,0.462,-0.412
0.929,0.452,-0.428
0.92,0.462,-0.438
0.923,0.464,-0.448
0.926,0.482,-0.462
0.923,0.497,-0.482
0.939,0.523,-0.481
0.939,0.546,-0.488
0.947,0.561,-0.487
0.948,0.563,-0.481
0.95,0.575,-0.477
0.96,0.581,-0.469
0.96,0.589,-0.457
0.963,0.582,-0.444
0.965,0.568,-0.442
0.959,0.57,-0.427
0.965,0.567,-0.428
0.954,0.552,-0.425
0.947,0.557,-0.425
0.961,0.543,-0.41
0.957,0.537,-0.423
0.959,0.528,-0.409
0.956,0.517,-0.419
0.956,0.518,-0.414
0.959,0.504,-0.417
0.955,0.501,-0.416
0.959,0.503,-0.417
0.956,0.498,-0.422
0.954,0.49,-0.421
0.957,0.493,-0.421
0.95,0.486,-0.434
0.951,0.488,-0.429
0.951,0.482,-0.435
0.951,0.481,-0.443
0.941,0.478,-0.436
0.947,0.483,-0.447
0.937,0.477,-0.437
0.946,0.481,-0.434
0.944,0.487,-0.45
0.946,0.486,-0.461
0.949,0.488,-0.462
0.948,0.487,-0.461
0.941,0.496,-0.448
0.948,0.49,-0.458
0.944,0.501,-0.457
0.947,0.502,-0.467
0.943,0.512,-0.469
0.944,0.513,-0.463
0.945,0.518,-0.488
0.949,0.521,-0.47
0.942,0.521,-0.477
0.95,0.535,-0.474
0.944,0.531,-0.48
0.945,0.533,-0.474
0.953,0.544,-0.477
0.943,0.554,-0.477
0.944,0.55,-0.482
0.951,0.55,-0.484
0.948,0.595,-0.474
0.945,0.561,-0.484
0.946,0.564,-0.482
0.945,0.574,-0.476
0.949,0.573,-0.485
0.947,0.585,-0.483
0.946,0.587,-0.469
0.944,0.593,-0.48
0.949,0.594,-0.462
0.954,0.59,-0.474
0.952,0.594,-0.478
0.953,0.594,-0.462
0.951,0.599,-0.462
0.959,0.6,-0.455
0.954,0.608,-0.453
0.957,0.601,-0.464
0.948,0.608,-0.453
0.954,0.607,-0.456
0.954,0.604,-0.443
0.952,0.605,-0.443
0.958,0.601,-0.427
0.951,0.595,-0.426
0.954,0.588,-0.414
0.952,0.586,-0.414
0.952,0.578,-0.406
0.959,0.573,-0.408
0.949,0.563,-0.414
0.955,0.553,-0.398
0.947,0.538,-0.402
0.947,0.518,-0.39
0.94,0.511,-0.385
0.933,0.495,-0.385
0.933,0.482,-0.393
0.935,0.478,-0.4
0.934,0.46,-0.397
0.932,0.456,-0.417
0.927,0.458,-0.436
0.925,0.457,-0.442
0.923,0.472,-0.459
0.928,0.478,-0.481
0.924,0.51,-0.49
0.94,0.529,-0.48
0.941,0.543,-0.493
0.935,0.561,-0.482
0.947,0.569,-0.478
0.947,0.575,-0.471
0.956,0.58,-0.463
0.95,0.577,-0.454
0.958,0.577,-0.438
0.961,0.574,-0.44
0.954,0.569,-0.44
0.966,0.566,-0.43
0.958,0.561,-0.418
0.958,0.544,-0.419
0.957,0.536,-0.425
0.951,0.53,-0.415
0.964,0.52,-0.414
0.952,0.518,-0.405
0.95,0.515,-0.423
0.956,0.506,-0.416
0.953,0.496,-0.429
0.957,0.497,-0.412
0.951,0.495,-0.425
0.951,0.49,-0.412
0.955,0.484,-0.428
0.949,0.476,-0.437
0.948,0.488,-0.434
0.951,0.478,-0.432
0.955,0.485,-0.434
0.954,0.477,-0.441
0.948,0.485,-0.439
0.948,0.486,-0.441
0.951,0.484,-0.443
0.949,0.484,-0.444
0.952,0.489,-0.448
0.949,0.494,-0.457
0.944,0.488,-0.459
0.94,0.503,-0.463
0.954,0.504,-0.466
0.948,0.505,-0.468
0.942,0.506,-0.471
0.944,0.513,-0.469
0.95,0.517,-0.463
0.945,0.519,-0.469
0.942,0.529,-0.469
0.952,0.529,-0.472
0.944,0.531,-0.47
0.949,0.531,-0.468
0.948,0.545,-0.472
0.943,0.545,-0.473
0.948,0.552,-0.466
0.939,0.552,-0.477
0.951,0.56,-0.479
0.947,0.568,-0.473
0.954,0.565,-0.48
0.95,0.578,-0.483
0.952,0.576,-0.481
0.951,0.573,-0.482
0.951,0.586,-0.484
0.947,0.581,-0.469
0.952,0.586,-0.477
0.955,0.595,-0.468
0.956,0.597,-0.463
0.954,0.603,-0.463
0.963,0.602,-0.461
0.955,0.61,-0.456
0.962,0.605,-0.458
0.961,0.605,-0.456
0.96,0.6,-0.459
0.957,0.607,-0.445
0.958,0.604,-0.451
0.958,0.603,-0.439
0.951,0.593,-0.435
0.959,0.596,-0.429
0.951,0.59,-0.425
0.955,0.59,-0.415
0.952,0.575,-0.416
0.956,0.575,-0.406
0.951,0.567,-0.41
0.956,0.555,-0.392
0.956,0.548,-0.401
0.954,0.531,-0.402
0.948,0.515,-0.38
0.942,0.501,-0.392
0.941,0.485,-0.387
0.939,0.481,-0.393
0.935,0.462,-0.408
0.933,0.46,-0.416
0.928,0.458,-0.425
0.929,0.457,-0.443
0.924,0.47,-0.447
0.935,0.482,-0.469
0.934,0.503,-0.47
0.938,0.516,-0.486
0.937,0.55,-0.496
0.952,0.561,-0.486
0.963,0.572,-0.493
0.959,0.571,-0.483
0.953,0.578,-0.459
0.962,0.583,-0.461
0.956,0.583,-0.454
0.961,0.575,-0.439
0.956,0.569,-0.432
0.958,0.563,-0.427
0.957,0.557,-0.428
0.958,0.548,-0.427
0.959,0.55,-0.417
0.958,0.541,-0.422
0.957,0.528,-0.42
0.959,0.529,-0.421
0.961,0.523,-0.419
0.962,0.517,-0.421
0.956,0.509,-0.413
0.954,0.504,-0.421
0.952,0.512,-0.409
0.916,0.351,-0.389
0.802,0.102,-0.351
0.612,-0.121,-0.31
0.322,-0.17,-0.284
0.085,0.079,-0.279
-0.023,0.395,-0.279
-0.045,0.721,-0.273
-0.012,0.968,-0.269
0.066,1.135,-0.244
0.134,1.236,-0.228
0.202,1.296,-0.201
0.257,1.311,-0.175
0.316,1.295,-0.146
0.353,1.266,-0.122
0.389,1.238,-0.094
0.419,1.193,-0.07
0.443,1.131,-0.043
0.469,1.08,-0.024
0.476,1.016,-0.024
0.482,0.955,0.005
0.484,0.885,0.023
0.493,0.82,0.024
0.5,0.768,0.034
0.495,0.692,0.04
0.491,0.63,0.048
0.493,0.578,0.057
0.488,0.511,0.058
0.48,0.448,0.062
0.472,0.389,0.059
0.458,0.334,0.06
0.462,0.286,0.053
0.445,0.237,0.037
0.439,0.184,0.037
0.429,0.134,0.027
0.419,0.094,0.01
0.41,0.054,-0.004
0.407,0.009,-0.016
0.406,-0.028,-0.035
0.392,-0.067,-0.055
0.386,-0.085,-0.068
0.39,-0.116,-0.101
0.373,-0.136,-0.122
0.368,-0.163,-0.146
0.361,-0.174,-0.169
0.355,-0.177,-0.192
0.35,-0.188,-0.228
0.347,-0.186,-0.257
0.34,-0.17,-0.285
0.339,-0.163,-0.319
0.343,-0.145,-0.347
0.339,-0.121,-0.381
0.338,-0.102,-0.408
0.341,-0.067,-0.447
0.34,-0.041,-0.477
0.347,0.006,-0.508
0.355,0.044,-0.539
0.357,0.093,-0.566
0.362,0.125,-0.587
0.372,0.175,-0.603
0.391,0.224,-0.619
0.396,0.278,-0.65
0.411,0.33,-0.675
0.42,0.395,-0.681
0.435,0.437,-0.703
0.445,0.498,-0.725
0.46,0.552,-0.73
0.467,0.6,-0.732
0.488,0.644,-0.744
0.494,0.706,-0.767
0.5,0.755,-0.772
0.511,0.814,-0.789
0.512,0.869,-0.786
0.523,0.939,-0.79
0.529,0.978,-0.802
0.534,1.039,-0.808
0.542,1.108,-0.807
0.56,1.161,-0.798
0.573,1.217,-0.802
0.566,1.268,-0.777
0.574,1.317,-0.781
0.584,1.361,-0.762
0.593,1.406,-0.745
0.597,1.438,-0.732
0.601,1.478,-0.692
0.6,1.503,-0.683
0.611,1.527,-0.668
0.617,1.556,-0.635
0.625,1.566,-0.617
0.63,1.574,-0.596
0.62,1.591,-0.559
0.631,1.588,-0.531
0.644,1.594,-0.513
0.643,1.59,-0.473
0.64,1.578,-0.45
0.647,1.574,-0.426
0.643,1.557,-0.389
0.639,1.529,-0.356
0.643,1.507,-0.32
0.639,1.481,-0.295
0.643,1.444,-0.273
0.628,1.412,-0.243
0.624,1.37,-0.207
0.624,1.338,-0.184
0.619,1.293,-0.154
0.611,1.251,-0.129
0.605,1.193,-0.116
0.605,1.14,-0.09
0.595,1.09,-0.071
0.593,1.029,-0.049
0.588,0.967,-0.034
0.575,0.911,-0.006
0.567,0.848,-0.002
0.548,0.785,0.017
0.549,0.73,0.021
0.542,0.677,0.031
0.537,0.617,0.04
0.521,0.562,0.048
0.515,0.504,0.039
0.505,0.443,0.055
0.491,0.38,0.053
0.483,0.317,0.037
0.476,0.264,0.034
0.464,0.225,0.033
0.458,0.178,0.025
0.449,0.119,0.022
0.431,0.08,0.01
0.429,0.039,-0.012
0.417,0.004,-0.027
0.403,-0.036,-0.044
0.387,-0.069,-0.067
0.385,-0.095,-0.086
0.379,-0.131,-0.099
0.372,-0.151,-0.133
0.364,-0.163,-0.166
0.362,-0.171,-0.185
0.357,-0.189,-0.222
0.347,-0.183,-0.246
0.349,-0.18,-0.267
0.346,-0.175,-0.316
0.346,-0.166,-0.348
0.339,-0.14,-0.362
0.349,-0.118,-0.4
0.348,-0.097,-0.426
0.341,-0.074,-0.456
0.348,-0.042,-0.485
0.352,0.013,-0.518
0.353,0.054,-0.543
0.355,0.103,-0.562
0.37,0.148,-0.599
0.376,0.181,-0.605
0.39,0.236,-0.645
0.394,0.286,-0.659
0.404,0.334,-0.678
0.421,0.402,-0.696
0.432,0.46,-0.701
0.443,0.505,-0.72
0.453,0.544,-0.731
0.466,0.603,-0.744
0.473,0.651,-0.76
0.496,0.706,-0.756
0.493,0.764,-0.775
0.502,0.822,-0.784
0.511,0.863,-0.799
0.525,0.935,-0.794
0.53,1.001,-0.802
0.538,1.063,-0.796
0.547,1.129,-0.804
0.559,1.176,-0.805
0.559,1.227,-0.781
0.569,1.282,-0.781
0.58,1.322,-0.762
0.582,1.365,-0.744
0.597,1.414,-0.739
0.6,1.442,-0.716
0.599,1.481,-0.703
0.605,1.507,-0.679
0.618,1.528,-0.668
0.622,1.551,-0.651
0.629,1.569,-0.618
0.63,1.588,-0.594
0.642,1.592,-0.554
0.629,1.59,-0.528
0.632,1.595,-0.503
0.633,1.588,-0.467
0.639,1.587,-0.435
0.638,1.563,-0.409
0.633,1.554,-0.371
0.633,1.531,-0.357
0.646,1.503,-0.332
0.636,1.475,-0.284
0.637,1.443,-0.272
0.63,1.409,-0.229
0.631,1.367,-0.207
0.616,1.321,-0.176
0.625,1.276,-0.144
0.61,1.241,-0.127
0.607,1.18,-0.097
0.6,1.134,-0.068
0.597,1.078,-0.063
0.591,1.023,-0.057
0.583,0.963,-0.022
0.574,0.906,-0.011
0.569,0.845,0.013
0.549,0.776,0.024
0.551,0.715,0.025
0.536,0.663,0.027
0.531,0.602,0.032
0.518,0.543,0.043
0.513,0.475,0.044
0.5,0.417,0.04
0.495,0.363,0.047
0.485,0.305,0.051
0.474,0.261,0.046
0.468,0.212,0.032
0.457,0.158,0.024
0.438,0.106,0.024
0.433,0.066,-0.004
0.427,0.031,-0.018
0.416,-0.008,-0.027
0.41,-0.05,-0.051
0.396,-0.074,-0.074
0.389,-0.114,-0.093
0.383,-0.141,-0.111
0.374,-0.15,-0.132
0.368,-0.172,-0.171
0.365,-0.176,-0.191
0.36,-0.181,-0.207
0.348,-0.188,-0.25
0.356,-0.181,-0.273
0.341,-0.172,-0.317
0.343,-0.164,-0.351
0.347,-0.139,-0.372
0.331,-0.12,-0.403
0.341,-0.093,-0.434
0.344,-0.058,-0.463
0.349,-0.022,-0.494
0.354,0.016,-0.523
0.36,0.062,-0.553
0.361,0.104,-0.578
0.366,0.142,-0.611
0.377,0.194,-0.617
0.384,0.25,-0.645
0.397,0.305,-0.668
0.416,0.365,-0.689
0.423,0.419,-0.702
0.438,0.469,-0.704
0.456,0.521,-0.732
0.461,0.57,-0.739
0.477,0.624,-0.754
0.486,0.671,-0.749
0.497,0.725,-0.786
0.494,0.78,-0.778
0.5,0.835,-0.787
0.508,0.886,-0.796
0.517,0.943,-0.8
0.541,1.013,-0.808
0.545,1.069,-0.817
0.557,1.131,-0.81
0.552,1.18,-0.804
0.564,1.237,-0.798
0.571,1.281,-0.781
0.576,1.331,-0.779
0.58,1.366,-0.753
0.588,1.417,-0.738
0.599,1.45,-0.716
0.612,1.484,-0.705
0.603,1.517,-0.677
0.614,1.531,-0.663
0.619,1.556,-0.635
0.62,1.571,-0.604
0.627,1.584,-0.577
0.629,1.597,-0.554
0.642,1.595,-0.52
0.647,1.586,-0.492
0.643,1.588,-0.464
0.642,1.576,-0.434
0.641,1.564,-0.396
0.641,1.543,-0.375
0.643,1.519,-0.343
0.64,1.487,-0.321
0.638,1.461,-0.282
0.641,1.426,-0.254
0.631,1.393,-0.229
0.629,1.347,-0.2
0.621,1.307,-0.186
0.621,1.27,-0.145
0.616,1.215,-0.125
0.606,1.146,-0.093
0.597,1.107,-0.084
0.588,1.056,-0.059
0.586,0.999,-0.04
0.576,0.942,-0.026
0.567,0.876,-0.003
0.564,0.819,-0.0
0.555,0.754,0.018
0.54,0.698,0.034
0.529,0.643,0.038
0.522,0.573,0.043
0.52,0.524,0.036
0.505,0.448,0.044
0.489,0.395,0.05
0.49,0.332,0.039
0.479,0.286,0.033
0.459,0.237,0.026
0.46,0.184,0.027
0.449,0.148,0.02
0.437,0.094,0.011
0.424,0.052,-0.0
0.414,0.018,-0.017
0.411,-0.015,-0.035
0.412,-0.057,-0.054
0.395,-0.081,-0.081
0.388,-0.105,-0.1
0.379,-0.135,-0.118
0.372,-0.156,-0.154
0.371,-0.17,-0.173
0.361,-0.173,-0.201
0.36,-0.174,-0.221
0.355,-0.179,-0.257
0.342,-0.175,-0.278
0.347,-0.164,-0.327
0.337,-0.15,-0.362
0.336,-0.133,-0.379
0.348,-0.103,-0.41
0.342,-0.083,-0.438
0.346,-0.047,-0.469
0.35,-0.005,-0.497
0.348,0.037,-0.536
0.357,0.081,-0.572
0.371,0.123,-0.596
0.376,0.168,-0.619
0.387,0.229,-0.632
0.399,0.27,-0.661
0.408,0.326,-0.67
0.418,0.384,-0.694
0.432,0.436,-0.71
0.444,0.489,-0.716
0.463,0.538,-0.72
0.466,0.59,-0.736
0.477,0.635,-0.745
0.485,0.692,-0.766
0.495,0.753,-0.774
0.506,0.811,-0.791
0.517,0.865,-0.8
0.522,0.914,-0.804
0.531,0.986,-0.803
0.536,1.047,-0.814
0.539,1.101,-0.807
0.547,1.158,-0.806
0.555,1.218,-0.799
0.562,1.258,-0.78
0.579,1.307,-0.765
0.583,1.353,-0.758
0.585,1.401,-0.741
0.591,1.438,-0.725
0.606,1.475,-0.7
0.612,1.507,-0.688
0.614,1.531,-0.665
0.612,1.553,-0.637
0.625,1.568,-0.612
0.629,1.576,-0.581
0.636,1.588,-0.558
0.638,1.593,-0.535
0.634,1.597,-0.487
0.636,1.591,-0.473
0.639,1.59,-0.442
0.645,1.576,-0.416
0.64,1.555,-0.39
0.645,1.54,-0.355
0.642,1.51,-0.326
0.643,1.474,-0.292
0.64,1.438,-0.259
0.64,1.419,-0.235
0.631,1.373,-0.218
0.624,1.331,-0.183
0.626,1.291,-0.153
0.619,1.239,-0.126
0.609,1.19,-0.105
0.602,1.141,-0.084
0.599,1.093,-0.056
0.594,1.027,-0.046
0.59,0.966,-0.026
0.585,0.904,-0.018
0.565,0.849,0.014
0.565,0.783,0.014
0.552,0.718,0.031
0.545,0.66,0.032
0.53,0.605,0.035
0.519,0.532,0.043
0.512,0.482,0.053
0.506,0.427,0.052
0.495,0.367,0.046
0.478,0.318,0.041
0.473,0.261,0.031
0.467,0.215,0.03
0.457,0.172,0.025
0.439,0.113,0.013
0.432,0.081,0.004
0.423,0.033,-0.024
0.413,-0.007,-0.04
0.41,-0.044,-0.041
0.402,-0.065,-0.069
0.403,-0.102,-0.088
0.383,-0.128,-0.108
0.37,-0.152,-0.146
0.373,-0.165,-0.163
0.364,-0.175,-0.19
0.357,-0.186,-0.22
0.36,-0.181,-0.236
0.332,-0.162,-0.291
0.226,-0.119,-0.288
0.134,-0.012,-0.313
0.077,0.103,-0.33
0.037,0.194,-0.334
0.004,0.309,-0.358
-0.014,0.393,-0.373
-0.027,0.504,-0.379
-0.015,0.573,-0.395
-0.022,0.624,-0.402
-0.008,0.673,-0.396
-0.012,0.7,-0.402
-0.018,0.728,-0.397
-0.013,0.746,-0.399
-0.01,0.773,-0.406
-0.005,0.8,-0.415
-0.009,0.828,-0.43
-0.005,0.852,-0.43
-0.003,0.886,-0.435
-0.008,0.934,-0.447
0.018,0.962,-0.439
0.015,1.001,-0.443
0.02,1.027,-0.432
0.011,1.053,-0.416
0.011,1.067,-0.397
0.019,1.075,-0.368
0.015,1.069,-0.354
0.022,1.069,-0.344
0.021,1.06,-0.331
0.023,1.051,-0.309
0.012,1.034,-0.31
0.017,1.027,-0.311
0.009,1.02,-0.282
0.013,1.007,-0.297
0.009,0.996,-0.286
0.013,0.997,-0.279
-0.003,0.986,-0.285
-0.007,0.975,-0.292
-0.007,0.968,-0.294
-0.003,0.967,-0.289
-0.009,0.96,-0.29
-0.006,0.96,-0.291
-0.004,0.955,-0.292
-0.006,0.96,-0.288
-0.009,0.946,-0.286
-0.019,0.947,-0.273
-0.011,0.942,-0.269
-0.019,0.953,-0.277
-0.011,0.941,-0.276
-0.017,0.931,-0.272
-0.02,0.933,-0.268
-0.013,0.925,-0.272
-0.02,0.919,-0.27
-0.024,0.919,-0.27
-0.018,0.916,-0.277
-0.024,0.909,-0.267
-0.021,0.904,-0.261
-0.018,0.89,-0.259
-0.014,0.887,-0.256
-0.018,0.881,-0.261
-0.015,0.878,-0.245
-0.012,0.865,-0.257
-0.021,0.858,-0.261
-0.024,0.855,-0.255
-0.02,0.856,-0.249
-0.015,0.849,-0.244
-0.022,0.84,-0.258
-0.023,0.838,-0.261
-0.021,0.828,-0.255
-0.024,0.823,-0.26
-0.023,0.811,-0.253
-0.025,0.814,-0.263
-0.018,0.81,-0.255
-0.024,0.805,-0.263
-0.023,0.799,-0.276
-0.026,0.801,-0.267
-0.027,0.796,-0.263
-0.032,0.787,-0.269
-0.032,0.792,-0.271
-0.023,0.783,-0.272
-0.026,0.785,-0.283
-0.029,0.782,-0.287
-0.028,0.787,-0.285
-0.028,0.782,-0.289
-0.026,0.78,-0.291
-0.023,0.782,-0.292
-0.024,0.777,-0.304
-0.036,0.786,-0.298
-0.03,0.78,-0.289
-0.03,0.782,-0.306
-0.031,0.787,-0.312
-0.023,0.788,-0.304
-0.031,0.783,-0.311
-0.033,0.794,-0.319
-0.027,0.799,-0.318
-0.028,0.804,-0.331
-0.027,0.805,-0.335
-0.032,0.819,-0.335
-0.029,0.822,-0.355
-0.023,0.829,-0.353
-0.029,0.835,-0.369
-0.032,0.851,-0.373
-0.032,0.865,-0.374
-0.021,0.895,-0.392
-0.027,0.919,-0.409
-0.023,0.948,-0.424
-0.017,0.978,-0.403
-0.016,1.013,-0.407
0.004,1.029,-0.408
0.004,1.047,-0.386
0.011,1.063,-0.389
0.012,1.061,-0.369
0.018,1.058,-0.35
0.016,1.058,-0.332
0.022,1.054,-0.325
0.013,1.042,-0.303
0.013,1.026,-0.302
0.012,1.02,-0.296
0.011,1.008,-0.29
0.007,1.003,-0.302
0.005,1.002,-0.289
0.008,0.996,-0.287
0.006,0.977,-0.29
0.001,0.977,-0.284
-0.004,0.981,-0.284
-0.003,0.965,-0.278
-0.005,0.958,-0.287
-0.01,0.955,-0.278
-0.011,0.948,-0.288
-0.012,0.947,-0.28
-0.015,0.951,-0.28
-0.006,0.943,-0.284
-0.013,0.942,-0.285
-0.012,0.935,-0.266
-0.013,0.93,-0.266
-0.014,0.932,-0.275
-0.017,0.92,-0.268
-0.016,0.924,-0.268
-0.017,0.918,-0.267
-0.023,0.911,-0.26
-0.012,0.909,-0.269
-0.018,0.897,-0.265
-0.022,0.896,-0.255
-0.016,0.89,-0.26
-0.025,0.881,-0.26
-0.021,0.878,-0.257
-0.019,0.882,-0.252
-0.02,0.868,-0.262
-0.02,0.86,-0.248
-0.021,0.858,-0.26
-0.008,0.856,-0.255
-0.025,0.842,-0.253
-0.021,0.829,-0.249
-0.017,0.825,-0.252
-0.026,0.835,-0.253
-0.032,0.818,-0.261
-0.029,0.81,-0.253
-0.03,0.81,-0.252
-0.031,0.806,-0.251
-0.029,0.806,-0.265
-0.033,0.797,-0.257
-0.028,0.795,-0.264
-0.03,0.79,-0.268
-0.031,0.787,-0.262
-0.019,0.792,-0.267
-0.028,0.782,-0.282
-0.028,0.778,-0.275
-0.022,0.783,-0.271
-0.039,0.781,-0.278
-0.025,0.775,-0.275
-0.023,0.772,-0.288
-0.026,0.777,-0.289
-0.022,0.784,-0.292
-0.034,0.775,-0.289
-0.021,0.777,-0.292
-0.029,0.781,-0.291
-0.031,0.785,-0.292
-0.021,0.786,-0.308
-0.028,0.785,-0.315
-0.028,0.79,-0.32
-0.028,0.789,-0.318
-0.034,0.794,-0.323
-0.032,0.804,-0.33
-0.031,0.803,-0.335
-0.03,0.812,-0.343
-0.018,0.819,-0.352
-0.022,0.848,-0.368
-0.021,0.845,-0.375
-0.023,0.862,-0.388
-0.028,0.882,-0.397
-0.022,0.909,-0.403
-0.025,0.941,-0.413
-0.015,0.974,-0.411
-0.011,0.989,-0.409
-0.009,1.022,-0.405
0.003,1.045,-0.391
0.01,1.051,-0.379
0.014,1.059,-0.372
0.017,1.066,-0.352
0.021,1.059,-0.34
0.017,1.046,-0.316
0.018,1.037,-0.318
0.016,1.029,-0.303
0.014,1.021,-0.296
0.02,1.011,-0.288
0.011,0.997,-0.285
0.01,0.993,-0.286
0.006,0.984,-0.298
0.002,0.983,-0.285
0.003,0.973,-0.292
-0.001,0.968,-0.293
-0.008,0.962,-0.292
0.003,0.964,-0.282
-0.006,0.952,-0.289
0.0,0.945,-0.286
-0.005,0.945,-0.291
-0.006,0.943,-0.285
-0.011,0.942,-0.291
-0.017,0.943,-0.277
-0.013,0.933,-0.279
-0.009,0.934,-0.287
-0.011,0.926,-0.285
-0.019,0.923,-0.284
-0.017,0.921,-0.284
-0.025,0.914,-0.279
-0.018,0.915,-0.269
-0.025,0.91,-0.273
-0.012,0.906,-0.265
-0.018,0.903,-0.264
-0.017,0.889,-0.271
-0.013,0.889,-0.263
-0.017,0.871,-0.268
-0.014,0.878,-0.265
-0.018,0.866,-0.265
-0.018,0.864,-0.256
-0.025,0.848,-0.268
-0.03,0.847,-0.25
-0.025,0.845,-0.257
-0.017,0.842,-0.257
-0.028,0.828,-0.263
-0.027,0.828,-0.258
-0.021,0.82,-0.26
-0.023,0.813,-0.259
-0.024,0.817,-0.265
-0.019,0.809,-0.274
-0.02,0.802,-0.266
-0.023,0.804,-0.262
-0.032,0.794,-0.269
-0.028,0.797,-0.26
-0.03,0.794,-0.27
-0.029,0.784,-0.276
-0.026,0.782,-0.267
-0.033,0.79,-0.276
-0.022,0.787,-0.274
-0.028,0.783,-0.281
-0.029,0.78,-0.287
-0.028,0.782,-0.285
-0.021,0.78,-0.295
-0.026,0.775,-0.285
-0.032,0.781,-0.289
-0.034,0.772,-0.292
-0.035,0.78,-0.298
-0.036,0.783,-0.301
-0.027,0.787,-0.305
-0.032,0.79,-0.31
-0.033,0.788,-0.309
-0.027,0.799,-0.323
-0.03,0.799,-0.309
-0.025,0.802,-0.328
-0.033,0.806,-0.335
-0.028,0.818,-0.343
-0.04,0.816,-0.346
-0.026,0.835,-0.357
-0.03,0.847,-0.366
-0.03,0.854,-0.38
-0.028,0.88,-0.383
-0.03,0.911,-0.397
-0.023,0.928,-0.406
-0.021,0.961,-0.407
-0.017,0.993,-0.408
-0.012,1.023,-0.424
0.002,1.035,-0.398
-0.004,1.049,-0.375
0.01,1.065,-0.365
0.015,1.056,-0.356
0.008,1.053,-0.347
0.016,1.047,-0.324
0.012,1.039,-0.311
0.017,1.032,-0.307
0.007,1.03,-0.304
0.015,1.011,-0.288
0.011,1.006,-0.288
0.011,0.992,-0.291
0.01,0.992,-0.28
-0.002,0.985,-0.291
0.009,0.975,-0.299
0.002,0.966,-0.279
0.0,0.965,-0.299
-0.001,0.955,-0.29
-0.005,0.953,-0.281
0.002,0.959,-0.28
-0.01,0.945,-0.278
-0.019,0.95,-0.285
-0.012,0.949,-0.282
-0.012,0.942,-0.28
-0.015,0.942,-0.285
-0.016,0.939,-0.279
-0.01,0.936,-0.285
-0.012,0.927,-0.278
-0.013,0.92,-0.271
-0.014,0.924,-0.272
-0.006,0.916,-0.276
-0.014,0.91,-0.27
-0.019,0.907,-0.267
-0.008,0.904,-0.27
-0.015,0.889,-0.27
-0.017,0.892,-0.266
-0.015,0.881,-0.266
-0.019,0.882,-0.269
-0.021,0.869,-0.263
-0.024,0.861,-0.253
-0.017,0.855,-0.26
-0.017,0.851,-0.258
-0.011,0.847,-0.249
-0.012,0.842,-0.259
-0.018,0.835,-0.269
-0.019,0.831,-0.26
-0.017,0.827,-0.261
-0.017,0.82,-0.245
-0.013,0.81,-0.257
-0.025,0.807,-0.26
-0.02,0.808,-0.272
-0.025,0.799,-0.256
-0.021,0.797,-0.275
-0.018,0.797,-0.267
-0.023,0.792,-0.273
-0.021,0.787,-0.27
-0.031,0.786,-0.28
-0.03,0.783,-0.275
-0.025,0.781,-0.267
-0.038,0.786,-0.271
-0.023,0.781,-0.279
-0.028,0.779,-0.289
-0.034,0.783,-0.291
-0.028,0.782,-0.284
-0.029,0.782,-0.289
-0.033,0.787,-0.305
-0.031,0.792,-0.304
-0.032,0.781,-0.309
-0.034,0.792,-0.303
-0.03,0.794,-0.312
-0.029,0.798,-0.314
-0.032,0.799,-0.305
-0.034,0.796,-0.323
-0.028,0.802,-0.329
-0.028,0.804,-0.329
-0.029,0.809,-0.333
-0.025,0.816,-0.353
-0.025,0.825,-0.358
-0.034,0.85,-0.37
-0.026,0.857,-0.37
-0.026,0.875,-0.38
-0.027,0.899,-0.394
-0.027,0.922,-0.405
-0.019,0.951,-0.403
-0.015,0.982,-0.414
-0.013,1.004,-0.407
-0.006,1.032,-0.4
-0.002,1.045,-0.394
0.012,1.054,-0.362
0.021,1.057,-0.354
0.013,1.058,-0.344
0.014,1.054,-0.32
0.022,1.046,-0.311
0.016,1.037,-0.31
0.018,1.028,-0.297
0.006,1.013,-0.303
0.005,1.0,-0.288
0.011,0.989,-0.293
0.007,0.99,-0.279
-0.003,0.979,-0.289
0.001,0.966,-0.292
-0.007,0.963,-0.286
-0.001,0.966,-0.275
-0.008,0.963,-0.283
-0.004,0.956,-0.28
0.001,0.95,-0.285
-0.006,0.94,-0.278
-0.009,0.936,-0.285
-0.011,0.945,-0.29
-0.013,0.937,-0.278
-0.016,0.872,-0.275
-0.047,0.699,-0.28
-0.047,0.518,-0.3
-0.027,0.386,-0.326
0.008,0.282,-0.352
0.038,0.235,-0.396
0.07,0.212,-0.425
0.11,0.204,-0.466
0.13,0.205,-0.503
0.158,0.23,-0.525
0.175,0.26,-0.565
0.206,0.294,-0.592
0.223,0.336,-0.619
0.236,0.38,-0.644
0.262,0.427,-0.673
0.277,0.489,-0.679
0.296,0.541,-0.708
0.303,0.591,-0.729
0.319,0.644,-0.743
0.34,0.707,-0.742
0.348,0.763,-0.751
0.365,0.823,-0.77
0.379,0.882,-0.778
0.387,0.934,-0.775
0.396,0.984,-0.78
0.413,1.04,-0.779
0.424,1.089,-0.778
0.434,1.136,-0.776
0.445,1.199,-0.767
0.453,1.247,-0.751
0.471,1.286,-0.751
0.485,1.327,-0.729
0.48,1.363,-0.715
0.5,1.398,-0.705
0.512,1.435,-0.684
0.52,1.467,-0.666
0.531,1.496,-0.655
0.536,1.514,-0.629
0.541,1.527,-0.608
0.556,1.539,-0.586
0.551,1.552,-0.562
0.566,1.559,-0.536
0.572,1.567,-0.512
0.568,1.557,-0.49
0.568,1.559,-0.453
0.575,1.55,-0.437
0.595,1.53,-0.395
0.583,1.519,-0.368
0.584,1.49,-0.334
0.586,1.467,-0.305
0.587,1.433,-0.279
0.581,1.395,-0.263
0.583,1.363,-0.226
0.586,1.316,-0.208
0.582,1.27,-0.189
0.573,1.223,-0.162
0.577,1.171,-0.146
0.567,1.125,-0.121
0.563,1.083,-0.103
0.562,1.032,-0.097
0.562,0.991,-0.092
0.558,0.946,-0.07
0.557,0.897,-0.063
0.55,0.837,-0.053
0.543,0.792,-0.033
0.537,0.74,-0.033
0.516,0.693,-0.018
0.506,0.65,-0.017
0.497,0.603,-0.018
0.484,0.559,-0.018
0.475,0.515,0.013
0.468,0.464,0.011
0.457,0.415,0.018
0.435,0.363,0.02
0.42,0.305,0.019
0.418,0.256,0.026
0.404,0.205,0.029
0.387,0.153,0.022
0.378,0.101,0.013
0.372,0.058,-0.008
0.357,0.012,-0.015
0.347,-0.018,-0.027
0.338,-0.056,-0.061
0.322,-0.091,-0.079
0.317,-0.122,-0.096
0.309,-0.134,-0.138
0.305,-0.153,-0.16
0.289,-0.161,-0.191
0.296,-0.176,-0.218
0.288,-0.17,-0.251
0.285,-0.156,-0.291
0.278,-0.154,-0.315
0.277,-0.126,-0.347
0.283,-0.11,-0.378
0.28,-0.084,-0.402
0.266,-0.05,-0.444
0.283,-0.014,-0.476
0.28,0.023,-0.506
0.288,0.063,-0.534
0.295,0.103,-0.572
0.302,0.152,-0.583
0.3,0.194,-0.609
0.305,0.248,-0.624
0.316,0.296,-0.649
0.317,0.351,-0.67
0.326,0.417,-0.691
0.337,0.474,-0.702
0.349,0.533,-0.717
0.355,0.583,-0.741
0.363,0.641,-0.75
0.376,0.703,-0.756
0.384,0.761,-0.771
0.393,0.829,-0.767
0.402,0.883,-0.778
0.409,0.947,-0.78
0.42,0.99,-0.786
0.422,1.041,-0.782
0.439,1.106,-0.782
0.45,1.158,-0.771
0.464,1.215,-0.751
0.476,1.256,-0.755
0.486,1.3,-0.745
0.489,1.336,-0.732
0.493,1.376,-0.709
0.5,1.411,-0.701
0.515,1.447,-0.688
0.519,1.475,-0.668
0.538,1.493,-0.652
0.546,1.516,-0.621
0.551,1.534,-0.635
0.55,1.551,-0.58
0.559,1.557,-0.554
0.564,1.562,-0.533
0.571,1.564,-0.495
0.581,1.558,-0.486
0.572,1.551,-0.447
0.581,1.541,-0.413
0.582,1.527,-0.391
0.583,1.503,-0.36
0.583,1.49,-0.32
0.583,1.467,-0.303
0.585,1.422,-0.276
0.587,1.395,-0.239
0.583,1.344,-0.211
0.581,1.311,-0.192
0.578,1.273,-0.172
0.572,1.208,-0.153
0.573,1.168,-0.137
0.575,1.114,-0.124
0.576,1.077,-0.112
0.568,1.023,-0.091
0.562,0.989,-0.079
0.551,0.937,-0.071
0.554,0.881,-0.062
0.54,0.829,-0.044
0.545,0.783,-0.041
0.52,0.73,-0.028
0.52,0.693,-0.031
0.506,0.64,-0.014
0.493,0.599,-0.006
0.478,0.552,0.001
0.478,0.507,0.008
0.471,0.461,0.008
0.452,0.412,0.019
0.438,0.361,0.03
0.426,0.308,0.031
0.413,0.26,0.036
0.404,0.202,0.019
0.387,0.145,0.026
0.378,0.088,0.006
0.37,0.051,-0.0
0.348,0.016,-0.015
0.344,-0.027,-0.029
0.337,-0.069,-0.056
0.329,-0.096,-0.081
0.316,-0.125,-0.11
0.31,-0.147,-0.132
0.302,-0.157,-0.161
0.295,-0.169,-0.197
0.288,-0.171,-0.222
0.282,-0.175,-0.257
0.284,-0.158,-0.292
0.281,-0.15,-0.312
0.281,-0.131,-0.357
0.274,-0.106,-0.384
0.281,-0.08,-0.408
0.282,-0.052,-0.443
0.281,-0.018,-0.484
0.289,0.025,-0.504
0.301,0.063,-0.531
0.302,0.108,-0.551
0.306,0.16,-0.588
0.304,0.2,-0.612
0.318,0.257,-0.639
0.31,0.313,-0.66
0.327,0.363,-0.68
0.337,0.419,-0.693
0.336,0.487,-0.707
0.344,0.543,-0.719
0.351,0.586,-0.741
0.36,0.643,-0.762
0.373,0.717,-0.757
0.381,0.785,-0.772
0.389,0.842,-0.784
0.395,0.899,-0.78
0.409,0.954,-0.787
0.42,0.998,-0.784
0.428,1.061,-0.78
0.447,1.109,-0.762
0.456,1.163,-0.769
0.459,1.214,-0.753
0.469,1.261,-0.739
0.485,1.305,-0.738
0.488,1.339,-0.718
0.5,1.376,-0.71
0.507,1.41,-0.687
0.516,1.453,-0.68
0.525,1.468,-0.661
0.534,1.501,-0.644
0.538,1.517,-0.608
0.549,1.539,-0.585
0.551,1.548,-0.569
0.562,1.542,-0.544
0.561,1.563,-0.525
0.569,1.565,-0.494
0.571,1.554,-0.464
0.569,1.561,-0.437
0.583,1.537,-0.406
0.586,1.522,-0.384
0.585,1.5,-0.349
0.587,1.479,-0.316
0.584,1.436,-0.287
0.588,1.417,-0.265
0.588,1.381,-0.246
0.584,1.343,-0.214
0.586,1.304,-0.19
0.574,1.256,-0.167
0.578,1.208,-0.148
0.578,1.146,-0.138
0.578,1.107,-0.11
0.575,1.066,-0.093
0.566,1.019,-0.09
0.565,0.968,-0.068
0.551,0.927,-0.073
0.558,0.868,-0.063
0.547,0.824,-0.052
0.541,0.783,-0.001
0.534,0.73,-0.03
0.521,0.683,-0.027
0.51,0.644,-0.01
0.5,0.6,-0.004
0.488,0.543,0.001
0.475,0.5,0.004
0.466,0.443,0.02
0.452,0.401,0.032
0.433,0.344,0.024
0.428,0.294,0.039
0.415,0.244,0.032
0.407,0.196,0.027
0.395,0.135,0.012
0.379,0.093,0.009
0.367,0.053,0.0
0.356,0.007,-0.005
0.346,-0.034,-0.03
0.331,-0.07,-0.056
0.334,-0.098,-0.074
0.322,-0.126,-0.108
0.306,-0.148,-0.135
0.306,-0.157,-0.17
0.289,-0.159,-0.194
0.294,-0.167,-0.227
0.278,-0.17,-0.253
0.283,-0.157,-0.295
0.283,-0.152,-0.323
0.276,-0.126,-0.368
0.277,-0.106,-0.385
0.283,-0.087,-0.409
0.275,-0.054,-0.447
0.287,-0.009,-0.484
0.289,0.033,-0.519
0.287,0.068,-0.531
0.288,0.121,-0.561
0.3,0.169,-0.591
0.291,0.205,-0.61
0.303,0.258,-0.631
0.313,0.314,-0.66
0.322,0.374,-0.672
0.327,0.42,-0.698
0.341,0.498,-0.711
0.35,0.55,-0.719
0.36,0.601,-0.732
0.367,0.667,-0.752
0.376,0.737,-0.764
0.383,0.789,-0.774
0.4,0.843,-0.774
0.401,0.913,-0.778
0.415,0.958,-0.786
0.428,1.018,-0.787
0.433,1.07,-0.784
0.441,1.122,-0.772
0.454,1.175,-0.766
0.464,1.222,-0.758
0.481,1.271,-0.742
0.482,1.303,-0.739
0.495,1.341,-0.726
0.498,1.387,-0.714
0.504,1.413,-0.69
0.517,1.438,-0.676
0.527,1.474,-0.647
0.529,1.493,-0.628
0.547,1.515,-0.613
0.549,1.531,-0.601
0.56,1.537,-0.565
0.553,1.554,-0.544
0.574,1.562,-0.517
0.567,1.558,-0.49
0.585,1.553,-0.458
0.583,1.55,-0.429
0.583,1.53,-0.407
0.576,1.517,-0.375
0.59,1.493,-0.343
0.583,1.467,-0.308
0.588,1.438,-0.289
0.586,1.409,-0.269
0.587,1.366,-0.234
0.583,1.325,-0.208
0.592,1.279,-0.184
0.591,1.246,-0.165
0.58,1.188,-0.144
0.578,1.144,-0.126
0.581,1.094,-0.11
0.573,1.051,-0.1
0.571,1.003,-0.094
0.556,0.964,-0.085
0.568,0.906,-0.069
0.554,0.859,-0.06
0.544,0.809,-0.049
0.536,0.755,-0.046
0.527,0.711,-0.029
0.51,0.663,-0.025
0.506,0.609,-0.02
0.492,0.564,-0.004
0.488,0.524,-0.011
0.464,0.476,0.001
0.46,0.437,0.011
0.442,0.388,0.015
0.425,0.324,0.013
0.415,0.277,0.034
0.405,0.216,0.02
0.391,0.157,0.017
0.377,0.117,0.012
0.367,0.075,-0.006
0.354,0.027,-0.022
0.35,-0.011,-0.027
0.343,-0.051,-0.048
0.329,-0.088,-0.068
0.319,-0.118,-0.095
0.314,-0.134,-0.118
0.306,-0.146,-0.17
0.303,-0.169,-0.167
0.299,-0.171,-0.201
0.288,-0.17,-0.247
0.283,-0.166,-0.265
0.286,-0.159,-0.299
0.284,-0.144,-0.339
0.281,-0.114,-0.374
0.277,-0.099,-0.4
0.279,-0.06,-0.433
0.281,-0.033,-0.463
0.282,0.008,-0.503
0.288,0.049,-0.529
0.297,0.086,-0.551
0.296,0.126,-0.57
0.307,0.184,-0.602
0.305,0.232,-0.624
0.321,0.28,-0.638
0.32,0.334,-0.672
0.33,0.398,-0.69
0.341,0.452,-0.708
0.349,0.512,-0.721
0.349,0.57,-0.736
0.36,0.627,-0.752
0.368,0.691,-0.756
0.377,0.747,-0.765
0.39,0.805,-0.776
0.4,0.869,-0.786
0.412,0.923,-0.785
0.412,0.973,-0.79
0.429,1.029,-0.784
0.436,1.083,-0.779
0.448,1.137,-0.781
0.456,1.187,-0.765
0.466,1.237,-0.76
0.473,1.282,-0.743
0.496,1.318,-0.735
0.498,1.363,-0.723
0.501,1.394,-0.712
0.517,1.428,-0.701
0.522,1.456,-0.666
0.528,1.482,-0.652
0.539,1.506,-0.651
0.55,1.526,-0.614
0.555,1.539,-0.588
0.561,1.557,-0.558
0.572,1.562,-0.53
0.578,1.567,-0.522
0.572,1.557,-0.486
0.583,1.557,-0.458
0.589,1.543,-0.435
0.584,1.522,-0.399
0.585,1.511,-0.372
0.627,1.457,-0.343
0.681,1.399,-0.314
0.774,1.309,-0.325
0.854,1.198,-0.313
0.895,1.064,-0.291
0.909,0.955,-0.277
0.915,0.875,-0.29
0.931,0.81,-0.305
0.954,0.748,-0.312
0.97,0.68,-0.325
0.976,0.619,-0.331
0.985,0.565,-0.344
0.977,0.517,-0.349
0.973,0.477,-0.374
0.98,0.461,-0.388
0.96,0.46,-0.418
0.966,0.474,-0.433
0.968,0.48,-0.468
0.964,0.503,-0.473
0.964,0.526,-0.481
0.97,0.543,-0.483
0.967,0.557,-0.484
0.963,0.564,-0.467
0.965,0.57,-0.458
0.966,0.57,-0.448
0.953,0.561,-0.445
0.957,0.566,-0.445
0.964,0.559,-0.427
0.957,0.553,-0.432
0.96,0.557,-0.426
0.964,0.541,-0.422
0.966,0.527,-0.408
0.96,0.524,-0.422
0.963,0.519,-0.427
0.965,0.522,-0.424
0.96,0.509,-0.424
0.961,0.508,-0.422
0.949,0.5,-0.419
0.951,0.493,-0.43
0.954,0.486,-0.421
0.953,0.487,-0.426
0.96,0.476,-0.424
0.951,0.471,-0.434
0.951,0.475,-0.445
0.952,0.479,-0.444
0.948,0.477,-0.437
0.954,0.474,-0.437
0.956,0.482,-0.451
0.946,0.48,-0.449
0.945,0.48,-0.458
0.949,0.482,-0.456
0.945,0.483,-0.461
0.946,0.481,-0.459
0.947,0.486,-0.475
0.943,0.489,-0.471
0.943,0.496,-0.476
0.949,0.504,-0.476
0.947,0.504,-0.479
0.95,0.506,-0.474
0.949,0.507,-0.47
0.944,0.517,-0.477
0.95,0.518,-0.476
0.945,0.524,-0.473
0.939,0.524,-0.475
0.948,0.534,-0.479
0.95,0.539,-0.489
0.953,0.537,-0.489
0.944,0.542,-0.473
0.943,0.547,-0.481
0.948,0.554,-0.49
0.944,0.558,-0.483
0.951,0.561,-0.487
0.952,0.56,-0.487
0.954,0.579,-0.477
0.951,0.574,-0.472
0.949,0.583,-0.482
0.951,0.587,-0.485
0.951,0.59,-0.482
0.947,0.592,-0.474
0.955,0.59,-0.473
0.951,0.603,-0.471
0.949,0.597,-0.466
0.959,0.605,-0.475
0.956,0.594,-0.463
0.951,0.6,-0.448
0.954,0.608,-0.456
0.956,0.591,-0.457
0.956,0.596,-0.457
0.961,0.597,-0.435
0.954,0.604,-0.441
0.952,0.594,-0.431
0.955,0.585,-0.439
0.955,0.584,-0.42
0.95,0.571,-0.418
0.949,0.57,-0.413
0.954,0.567,-0.405
0.952,0.548,-0.408
0.941,0.54,-0.408
0.94,0.531,-0.394
0.935,0.511,-0.403
0.942,0.502,-0.397
0.937,0.484,-0.397
0.931,0.47,-0.403
0.937,0.455,-0.411
0.935,0.46,-0.428
0.924,0.458,-0.423
0.923,0.457,-0.451
0.925,0.457,-0.469
0.929,0.482,-0.489
0.937,0.507,-0.485
0.939,0.527,-0.498
0.939,0.533,-0.498
0.94,0.551,-0.495
0.949,0.569,-0.497
0.953,0.58,-0.48
0.958,0.574,-0.464
0.954,0.588,-0.463
0.954,0.58,-0.455
0.957,0.577,-0.447
0.951,0.564,-0.443
0.958,0.563,-0.436
0.961,0.556,-0.437
0.96,0.551,-0.425
0.968,0.543,-0.423
0.962,0.539,-0.412
0.966,0.53,-0.412
0.959,0.519,-0.418
0.961,0.52,-0.417
0.958,0.512,-0.418
0.957,0.504,-0.428
0.958,0.502,-0.424
0.953,0.494,-0.431
0.953,0.494,-0.43
0.952,0.485,-0.435
0.959,0.485,-0.435
0.956,0.484,-0.435
0.952,0.482,-0.436
0.943,0.482,-0.448
0.954,0.483,-0.438
0.94,0.482,-0.447
0.943,0.483,-0.455
0.944,0.49,-0.447
0.945,0.485,-0.447
0.949,0.478,-0.455
0.955,0.49,-0.454
0.938,0.492,-0.463
0.949,0.493,-0.467
0.952,0.504,-0.467
0.944,0.495,-0.467
0.945,0.501,-0.464
0.949,0.508,-0.474
0.954,0.52,-0.473
0.945,0.515,-0.471
0.945,0.518,-0.469
0.95,0.519,-0.48
0.949,0.531,-0.483
0.947,0.54,-0.478
0.948,0.543,-0.477
0.945,0.539,-0.476
0.949,0.543,-0.48
0.944,0.544,-0.486
0.946,0.552,-0.477
0.948,0.552,-0.477
0.952,0.562,-0.487
0.949,0.57,-0.485
0.96,0.563,-0.473
0.947,0.572,-0.477
0.951,0.576,-0.481
0.954,0.585,-0.472
0.954,0.58,-0.469
0.953,0.586,-0.472
0.957,0.593,-0.478
0.955,0.597,-0.462
0.953,0.599,-0.472
0.961,0.596,-0.466
0.962,0.598,-0.476
0.952,0.602,-0.454
0.966,0.604,-0.459
0.966,0.605,-0.454
0.958,0.6,-0.455
0.952,0.597,-0.443
0.954,0.593,-0.438
0.964,0.592,-0.434
0.955,0.586,-0.425
0.956,0.588,-0.428
0.954,0.581,-0.415
0.957,0.565,-0.42
0.95,0.562,-0.409
0.949,0.557,-0.398
0.944,0.543,-0.401
0.952,0.526,-0.397
0.949,0.517,-0.395
0.943,0.496,-0.397
0.94,0.492,-0.398
0.942,0.472,-0.4
0.936,0.467,-0.395
0.937,0.455,-0.42
0.93,0.449,-0.423
0.921,0.451,-0.445
0.929,0.467,-0.445
0.93,0.475,-0.473
0.929,0.498,-0.476
0.937,0.514,-0.486
0.948,0.537,-0.496
0.952,0.543,-0.499
0.947,0.567,-0.489
0.956,0.566,-0.483
0.956,0.581,-0.479
0.956,0.577,-0.474
0.959,0.585,-0.448
0.96,0.576,-0.448
0.968,0.569,-0.446
0.966,0.559,-0.427
0.968,0.558,-0.425
0.967,0.547,-0.43
0.962,0.54,-0.429
0.967,0.54,-0.428
0.962,0.53,-0.418
0.958,0.519,-0.412
0.955,0.518,-0.42
0.96,0.503,-0.417
0.956,0.502,-0.419
0.952,0.5,-0.428
0.958,0.495,-0.426
0.96,0.492,-0.419
0.965,0.49,-0.428
0.961,0.49,-0.432
0.952,0.487,-0.427
0.951,0.483,-0.44
0.958,0.482,-0.426
0.949,0.483,-0.448
0.948,0.478,-0.43
0.953,0.478,-0.438
0.952,0.478,-0.454
0.953,0.477,-0.449
0.955,0.486,-0.459
0.945,0.49,-0.444
0.943,0.493,-0.46
0.948,0.496,-0.451
0.952,0.503,-0.453
0.943,0.502,-0.457
0.945,0.501,-0.465
0.946,0.513,-0.456
0.943,0.512,-0.468
0.948,0.513,-0.473
0.953,0.514,-0.473
0.944,0.516,-0.471
0.951,0.524,-0.483
0.951,0.532,-0.472
0.95,0.534,-0.474
0.951,0.536,-0.485
0.948,0.544,-0.483
0.955,0.551,-0.494
0.949,0.55,-0.487
0.943,0.553,-0.488
0.956,0.56,-0.48
0.951,0.567,-0.49
0.956,0.572,-0.489
0.953,0.571,-0.48
0.955,0.588,-0.486
0.961,0.588,-0.49
0.956,0.579,-0.478
0.958,0.587,-0.481
0.96,0.601,-0.487
0.953,0.593,-0.476
0.954,0.598,-0.464
0.955,0.597,-0.463
0.953,0.601,-0.45
0.96,0.603,-0.466
0.959,0.596,-0.458
0.967,0.601,-0.455
0.958,0.603,-0.455
0.956,0.595,-0.452
0.959,0.595,-0.445
0.966,0.596,-0.435
0.96,0.589,-0.43
0.96,0.58,-0.428
0.951,0.575,-0.428
0.953,0.566,-0.423
0.955,0.558,-0.414
0.954,0.55,-0.399
0.944,0.538,-0.397
0.945,0.526,-0.386
0.943,0.516,-0.381
0.939,0.496,-0.392
0.938,0.485,-0.395
0.939,0.474,-0.407
0.936,0.463,-0.407
0.931,0.456,-0.417
0.926,0.455,-0.426
0.919,0.453,-0.433
0.926,0.457,-0.45
0.928,0.479,-0.467
0.931,0.489,-0.479
0.932,0.508,-0.49
0.939,0.531,-0.484
0.944,0.545,-0.49
0.952,0.561,-0.485
0.952,0.572,-0.487
0.953,0.578,-0.473
0.956,0.583,-0.476
0.959,0.572,-0.451
0.961,0.576,-0.444
0.962,0.562,-0.432
0.965,0.56,-0.422
0.969,0.56,-0.422
0.97,0.553,-0.413
0.97,0.537,-0.409
0.96,0.537,-0.417
0.961,0.529,-0.42
0.957,0.511,-0.423
0.956,0.511,-0.416
0.965,0.509,-0.417
0.961,0.505,-0.415
0.962,0.505,-0.424
0.953,0.496,-0.422
0.954,0.52,-0.425
0.949,0.485,-0.432
0.95,0.481,-0.433
0.951,0.485,-0.426
0.951,0.48,-0.432
0.951,0.49,-0.433
0.949,0.481,-0.441
0.947,0.471,-0.441
0.942,0.477,-0.454
0.942,0.484,-0.444
0.949,0.481,-0.452
0.942,0.494,-0.451
0.95,0.486,-0.459
0.953,0.488,-0.456
0.95,0.494,-0.459
0.943,0.499,-0.458
0.944,0.499,-0.454
0.942,0.5,-0.472
0.946,0.505,-0.478
0.942,0.503,-0.463
0.952,0.519,-0.47
0.944,0.512,-0.481
0.941,0.517,-0.481
0.95,0.523,-0.482
0.956,0.531,-0.484
0.953,0.538,-0.483
0.948,0.533,-0.487
0.945,0.533,-0.487
0.948,0.547,-0.495
0.952,0.543,-0.48
0.952,0.554,-0.477
0.948,0.559,-0.482
0.943,0.572,-0.482
0.942,0.569,-0.482
0.953,0.573,-0.482
0.947,0.576,-0.481
0.951,0.591,-0.473
0.951,0.581,-0.488
0.954,0.586,-0.484
0.959,0.592,-0.481
0.956,0.59,-0.475
0.956,0.597,-0.472
0.951,0.597,-0.467
0.954,0.599,-0.469
0.953,0.599,-0.453
0.944,0.595,-0.467
0.955,0.6,-0.45
0.947,0.597,-0.448
0.953,0.596,-0.441
0.96,0.598,-0.446
0.962,0.592,-0.446
0.954,0.59,-0.436
0.95,0.586,-0.422
0.953,0.575,-0.413
0.957,0.571,-0.41
0.953,0.561,-0.405
0.952,0.555,-0.399
0.948,0.538,-0.408
0.947,0.525,-0.389
0.944,0.51,-0.389
0.947,0.502,-0.391
0.939,0.494,-0.392
0.932,0.471,-0.402
0.924,0.465,-0.398
0.933,0.454,-0.423
0.925,0.443,-0.439
0.924,0.46,-0.446
0.924,0.467,-0.457
0.924,0.475,-0.471
0.92,0.503,-0.476
0.932,0.521,-0.501
0.936,0.535,-0.49
0.941,0.543,-0.498
0.944,0.572,-0.485
0.958,0.574,-0.48
0.959,0.578,-0.46
0.96,0.576,-0.469
0.962,0.573,-0.454
0.958,0.562,-0.449
0.96,0.568,-0.443
0.958,0.564,-0.432
0.959,0.555,-0.433
0.955,0.546,-0.422
0.963,0.539,-0.431
0.961,0.529,-0.424
0.958,0.529,-0.421
0.955,0.519,-0.415
0.954,0.512,-0.418
0.956,0.5,-0.418
0.954,0.499,-0.42
0.953,0.495,-0.419
0.949,0.485,-0.431
0.948,0.488,-0.431
0.951,0.484,-0.44
0.944,0.48,-0.426
0.947,0.475,-0.439
0.947,0.477,-0.452
0.939,0.472,-0.436
0.948,0.482,-0.437
0.951,0.477,-0.438
0.948,0.479,-0.433
0.92,0.432,-0.458
0.862,0.267,-0.502
0.711,0.107,-0.54
0.467,0.044,-0.565
0.211,0.169,-0.547
0.05,0.394,-0.487
-0.037,0.624,-0.406
-0.034,0.821,-0.315
0.008,0.918,-0.221
0.061,0.953,-0.164
0.126,0.965,-0.102
0.17,0.941,-0.072
0.226,0.883,-0.024
0.268,0.837,-0.007
0.307,0.765,0.028
0.33,0.695,0.032
0.355,0.626,0.057
0.374,0.571,0.054
0.385,0.493,0.053
0.398,0.429,0.055
0.408,0.369,0.057
0.401,0.305,0.05
0.403,0.248,0.037
0.403,0.201,0.033
0.407,0.144,0.013
0.399,0.103,0.018
0.4,0.055,-0.004
0.393,0.023,-0.02
0.381,-0.019,-0.042
0.373,-0.064,-0.052
0.38,-0.091,-0.082
0.368,-0.124,-0.108
0.358,-0.134,-0.123
0.356,-0.153,-0.144
0.357,-0.169,-0.173
0.35,-0.18,-0.189
0.343,-0.183,-0.239
0.337,-0.184,-0.268
0.343,-0.182,-0.29
0.337,-0.172,-0.327
0.338,-0.152,-0.362
0.341,-0.136,-0.386
0.338,-0.11,-0.413
0.341,-0.082,-0.438
0.342,-0.043,-0.467
0.345,-0.015,-0.493
0.351,0.028,-0.529
0.355,0.074,-0.564
0.36,0.128,-0.593
0.378,0.17,-0.609
0.38,0.223,-0.626
0.395,0.27,-0.659
0.411,0.326,-0.675
0.419,0.338,-0.7
0.433,0.426,-0.707
0.447,0.487,-0.721
0.462,0.54,-0.738
0.468,0.585,-0.74
0.476,0.633,-0.752
0.496,0.685,-0.768
0.495,0.745,-0.771
0.5,0.8,-0.77
0.512,0.86,-0.801
0.524,0.918,-0.805
0.529,0.987,-0.812
0.544,1.039,-0.813
0.544,1.096,-0.818
0.548,1.148,-0.803
0.556,1.201,-0.816
0.57,1.259,-0.787
0.578,1.303,-0.772
0.572,1.349,-0.756
0.59,1.386,-0.739
0.593,1.421,-0.724
0.598,1.465,-0.717
0.602,1.483,-0.692
0.606,1.526,-0.669
0.607,1.536,-0.645
0.622,1.561,-0.615
0.625,1.572,-0.596
0.629,1.579,-0.569
0.638,1.587,-0.54
0.64,1.592,-0.512
0.643,1.582,-0.471
0.64,1.576,-0.445
0.641,1.567,-0.418
0.643,1.551,-0.389
0.65,1.533,-0.361
0.643,1.502,-0.329
0.642,1.478,-0.297
0.642,1.453,-0.274
0.633,1.421,-0.249
0.628,1.373,-0.213
0.629,1.326,-0.181
0.624,1.292,-0.164
0.612,1.244,-0.134
0.616,1.186,-0.111
0.61,1.152,-0.1
0.599,1.075,-0.075
0.594,1.022,-0.05
0.583,0.973,-0.029
0.58,0.912,-0.022
0.569,0.852,0.006
0.555,0.784,0.006
0.547,0.721,0.027
0.536,0.673,0.03
0.529,0.596,0.035
0.517,0.545,0.043
0.514,0.485,0.046
0.503,0.431,0.049
0.492,0.367,0.047
0.482,0.318,0.048
0.477,0.26,0.037
0.463,0.211,0.037
0.451,0.163,0.026
0.451,0.126,0.013
0.438,0.08,0.01
0.427,0.036,-0.02
0.417,-0.012,-0.027
0.404,-0.04,-0.047
0.393,-0.076,-0.074
0.385,-0.112,-0.095
0.388,-0.127,-0.109
0.379,-0.144,-0.133
0.362,-0.167,-0.155
0.36,-0.183,-0.188
0.359,-0.19,-0.206
0.349,-0.191,-0.245
0.347,-0.184,-0.274
0.341,-0.179,-0.297
0.346,-0.164,-0.33
0.335,-0.149,-0.368
0.344,-0.127,-0.4
0.346,-0.095,-0.422
0.346,-0.065,-0.442
0.351,-0.027,-0.484
0.351,0.022,-0.507
0.354,0.046,-0.543
0.358,0.094,-0.576
0.372,0.135,-0.597
0.384,0.191,-0.62
0.38,0.238,-0.643
0.386,0.284,-0.665
0.415,0.333,-0.684
0.424,0.395,-0.701
0.431,0.447,-0.718
0.443,0.505,-0.733
0.464,0.571,-0.732
0.474,0.604,-0.748
0.482,0.648,-0.74
0.488,0.702,-0.763
0.492,0.758,-0.778
0.504,0.807,-0.783
0.513,0.873,-0.794
0.529,0.938,-0.788
0.536,0.999,-0.817
0.54,1.054,-0.806
0.543,1.113,-0.802
0.555,1.167,-0.796
0.565,1.229,-0.791
0.573,1.279,-0.786
0.576,1.323,-0.766
0.581,1.367,-0.754
0.589,1.404,-0.742
0.6,1.447,-0.716
0.609,1.48,-0.706
0.616,1.513,-0.679
0.619,1.531,-0.659
0.622,1.554,-0.628
0.621,1.574,-0.605
0.628,1.573,-0.588
0.634,1.591,-0.556
0.632,1.592,-0.524
0.636,1.588,-0.5
0.648,1.587,-0.475
0.648,1.577,-0.45
0.641,1.559,-0.409
0.643,1.537,-0.388
0.644,1.523,-0.356
0.64,1.498,-0.332
0.626,1.467,-0.296
0.635,1.436,-0.268
0.63,1.397,-0.233
0.629,1.361,-0.204
0.623,1.32,-0.187
0.622,1.271,-0.158
0.615,1.224,-0.133
0.608,1.167,-0.107
0.604,1.119,-0.083
0.593,1.064,-0.065
0.59,1.007,-0.042
0.592,0.944,-0.026
0.575,0.89,-0.01
0.568,0.824,0.006
0.551,0.762,0.004
0.554,0.693,0.028
0.543,0.64,0.036
0.526,0.575,0.047
0.516,0.524,0.052
0.516,0.462,0.055
0.5,0.407,0.04
0.494,0.349,0.049
0.476,0.292,0.045
0.47,0.241,0.028
0.457,0.185,0.028
0.458,0.141,0.012
0.451,0.107,0.002
0.434,0.06,-0.013
0.423,0.018,-0.027
0.417,-0.021,-0.045
0.408,-0.047,-0.057
0.403,-0.09,-0.087
0.388,-0.114,-0.1
0.386,-0.132,-0.118
0.378,-0.16,-0.154
0.371,-0.174,-0.174
0.366,-0.186,-0.194
0.366,-0.186,-0.225
0.365,-0.185,-0.256
0.353,-0.184,-0.28
0.346,-0.173,-0.313
0.35,-0.158,-0.355
0.348,-0.132,-0.383
0.35,-0.115,-0.416
0.349,-0.092,-0.446
0.357,-0.062,-0.472
0.36,-0.011,-0.508
0.358,0.028,-0.534
0.364,0.069,-0.555
0.377,0.116,-0.578
0.378,0.16,-0.61
0.385,0.22,-0.634
0.397,0.259,-0.657
0.407,0.314,-0.676
0.422,0.36,-0.69
0.432,0.418,-0.704
0.451,0.472,-0.721
0.46,0.535,-0.729
0.465,0.578,-0.746
0.479,0.622,-0.746
0.491,0.67,-0.77
0.496,0.731,-0.77
0.504,0.795,-0.792
0.513,0.852,-0.8
0.517,0.906,-0.793
0.533,0.963,-0.804
0.535,1.027,-0.811
0.542,1.082,-0.808
0.557,1.139,-0.806
0.559,1.197,-0.796
0.571,1.243,-0.791
0.572,1.294,-0.776
0.583,1.343,-0.77
0.585,1.377,-0.757
0.59,1.421,-0.726
0.604,1.457,-0.703
0.607,1.494,-0.684
0.613,1.524,-0.68
0.612,1.544,-0.645
0.623,1.557,-0.639
0.631,1.568,-0.605
0.631,1.581,-0.581
0.637,1.584,-0.547
0.633,1.585,-0.51
0.629,1.591,-0.49
0.631,1.577,-0.458
0.633,1.569,-0.432
0.633,1.551,-0.403
0.639,1.535,-0.37
0.642,1.51,-0.338
0.64,1.483,-0.305
0.639,1.459,-0.28
0.631,1.414,-0.249
0.628,1.373,-0.216
0.627,1.34,-0.19
0.618,1.303,-0.168
0.615,1.25,-0.138
0.616,1.195,-0.12
0.6,1.137,-0.094
0.604,1.102,-0.074
0.588,1.036,-0.056
0.589,0.98,-0.032
0.576,0.925,-0.015
0.577,0.864,-0.013
0.565,0.801,0.015
0.552,0.738,0.027
0.542,0.672,0.028
0.536,0.612,0.044
0.525,0.552,0.039
0.52,0.505,0.041
0.507,0.449,0.048
0.496,0.384,0.042
0.483,0.328,0.033
0.471,0.277,0.041
0.471,0.229,0.038
0.458,0.182,0.024
0.445,0.127,0.026
0.439,0.089,-0.005
0.423,0.042,-0.008
0.423,0.0,-0.025
0.407,-0.042,-0.041
0.397,-0.075,-0.062
0.395,-0.098,-0.08
0.381,-0.135,-0.117
0.376,-0.151,-0.132
0.371,-0.17,-0.159
0.369,-0.179,-0.183
0.361,-0.192,-0.214
0.358,-0.195,-0.242
0.356,-0.198,-0.264
0.348,-0.184,-0.295
0.348,-0.177,-0.337
0.337,-0.156,-0.367
0.338,-0.132,-0.399
0.346,-0.105,-0.436
0.344,-0.066,-0.461
0.348,-0.053,-0.476
0.358,-0.01,-0.51
0.359,0.036,-0.544
0.363,0.077,-0.57
0.365,0.129,-0.598
0.379,0.182,-0.615
0.377,0.223,-0.643
0.403,0.279,-0.655
0.409,0.33,-0.681
0.427,0.389,-0.7
0.435,0.443,-0.716
0.447,0.49,-0.729
0.463,0.558,-0.728
0.475,0.601,-0.742
0.485,0.646,-0.754
0.488,0.695,-0.769
0.497,0.76,-0.776
0.513,0.813,-0.785
0.521,0.873,-0.805
0.53,0.923,-0.797
0.529,0.993,-0.811
0.533,1.049,-0.81
0.551,1.101,-0.812
0.552,1.157,-0.803
0.597,1.216,-0.796
0.568,1.263,-0.788
0.58,1.319,-0.768
0.588,1.364,-0.756
0.59,1.397,-0.748
0.596,1.449,-0.725
0.604,1.478,-0.714
0.613,1.502,-0.68
0.615,1.52,-0.665
0.617,1.552,-0.643
0.627,1.56,-0.605
0.631,1.542,-0.591
0.634,1.579,-0.56
0.634,1.582,-0.53
0.646,1.579,-0.492
0.638,1.58,-0.462
0.644,1.572,-0.431
0.649,1.554,-0.409
0.645,1.53,-0.383
0.641,1.521,-0.357
0.642,1.484,-0.326
0.645,1.46,-0.285
0.642,1.434,-0.256
0.637,1.394,-0.224
0.631,1.36,-0.196
0.628,1.314,-0.166
0.62,1.265,-0.147
0.626,1.223,-0.124
0.612,1.174,-0.098
0.605,1.118,-0.074
0.61,1.066,-0.064
0.597,1.005,-0.045
0.588,0.943,-0.026
0.578,0.883,-0.012
0.568,0.831,0.014
0.561,0.755,0.017
0.552,0.7,0.027
0.544,0.643,0.039
0.532,0.587,0.043
0.524,0.524,0.039
0.506,0.462,0.045
0.503,0.407,0.047
0.493,0.346,0.047
0.481,0.292,0.041
0.474,0.236,0.034
0.465,0.184,0.031
0.454,0.133,0.021
0.443,0.099,0.011
0.427,0.055,-0.003
0.417,0.004,-0.007
0.411,-0.024,-0.031
0.406,-0.06,-0.051
0.399,-0.091,-0.074
0.387,-0.118,-0.11
0.387,-0.144,-0.118
0.383,-0.162,-0.141
0.371,-0.176,-0.18
0.367,-0.183,-0.196
0.363,-0.193,-0.228
0.359,-0.191,-0.255
0.358,-0.186,-0.284
0.346,-0.174,-0.306
0.344,-0.163,-0.345
0.348,-0.148,-0.374
0.343,-0.12,-0.421
0.34,-0.091,-0.442
0.339,-0.058,-0.476
0.36,-0.023,-0.511
0.352,0.023,-0.546
0.355,0.074,-0.564
0.243,0.135,-0.563
0.153,0.307,-0.586
0.115,0.406,-0.572
0.087,0.472,-0.551
0.029,0.569,-0.552
-0.008,0.697,-0.54
0.015,0.8,-0.513
0.035,0.853,-0.5
0.044,0.885,-0.474
0.059,0.887,-0.485
0.061,0.92,-0.494
0.058,0.945,-0.478
0.063,0.976,-0.476
0.051,1.01,-0.468
0.054,1.046,-0.45
0.05,1.06,-0.435
0.054,1.073,-0.4
0.044,1.08,-0.381
0.044,1.073,-0.372
0.046,1.07,-0.352
0.047,1.065,-0.349
0.032,1.047,-0.325
0.026,1.038,-0.324
0.02,1.025,-0.308
0.017,1.015,-0.315
0.011,0.996,-0.306
0.005,0.985,-0.3
0.005,0.983,-0.297
-0.001,0.981,-0.309
0.006,0.98,-0.293
0.001,0.966,-0.295
0.0,0.962,-0.293
-0.006,0.964,-0.289
-0.003,0.952,-0.283
-0.005,0.953,-0.294
-0.009,0.943,-0.281
-0.014,0.943,-0.286
-0.011,0.948,-0.276
-0.019,0.933,-0.277
-0.01,0.933,-0.276
-0.018,0.925,-0.282
-0.022,0.926,-0.269
-0.023,0.924,-0.27
-0.015,0.911,-0.273
-0.015,0.905,-0.264
-0.009,0.907,-0.26
-0.014,0.899,-0.275
-0.015,0.897,-0.262
-0.021,0.887,-0.261
-0.02,0.88,-0.262
-0.016,0.874,-0.251
-0.022,0.874,-0.248
-0.016,0.863,-0.258
-0.016,0.857,-0.257
-0.02,0.854,-0.261
-0.009,0.838,-0.257
-0.018,0.841,-0.267
-0.017,0.83,-0.258
-0.018,0.82,-0.26
-0.018,0.819,-0.256
-0.014,0.822,-0.267
-0.018,0.807,-0.264
-0.018,0.812,-0.252
-0.018,0.806,-0.27
-0.02,0.801,-0.26
-0.019,0.801,-0.252
-0.017,0.79,-0.265
-0.027,0.781,-0.265
-0.022,0.779,-0.267
-0.026,0.784,-0.262
-0.027,0.781,-0.268
-0.03,0.779,-0.275
-0.034,0.78,-0.276
-0.029,0.783,-0.284
-0.026,0.771,-0.299
-0.023,0.774,-0.285
-0.03,0.773,-0.296
-0.031,0.775,-0.29
-0.031,0.771,-0.302
-0.03,0.775,-0.305
-0.026,0.778,-0.296
-0.03,0.788,-0.317
-0.029,0.783,-0.319
-0.03,0.79,-0.318
-0.033,0.792,-0.329
-0.02,0.79,-0.319
-0.031,0.797,-0.335
-0.032,0.797,-0.334
-0.035,0.801,-0.345
-0.028,0.814,-0.353
-0.032,0.82,-0.363
-0.028,0.837,-0.363
-0.031,0.847,-0.37
-0.037,0.874,-0.386
-0.03,0.891,-0.399
-0.031,0.917,-0.405
-0.025,0.947,-0.418
-0.022,0.983,-0.412
-0.011,1.004,-0.422
-0.007,1.026,-0.386
0.013,1.041,-0.383
0.001,1.053,-0.372
0.007,1.059,-0.357
0.004,1.056,-0.343
0.014,1.056,-0.322
0.007,1.042,-0.321
0.005,1.031,-0.312
0.006,1.024,-0.303
0.01,1.018,-0.294
0.018,1.005,-0.289
0.008,0.996,-0.29
0.012,0.989,-0.281
0.002,0.981,-0.291
0.004,0.973,-0.286
-0.004,0.966,-0.285
-0.001,0.962,-0.286
-0.01,0.964,-0.274
-0.007,0.952,-0.286
-0.013,0.952,-0.283
-0.014,0.947,-0.29
-0.002,0.948,-0.283
-0.014,0.943,-0.282
-0.01,0.935,-0.284
-0.012,0.937,-0.288
-0.014,0.928,-0.275
-0.017,0.919,-0.282
-0.016,0.926,-0.276
-0.021,0.915,-0.272
-0.021,0.911,-0.275
-0.022,0.912,-0.282
-0.02,0.906,-0.262
-0.02,0.906,-0.265
-0.024,0.897,-0.261
-0.027,0.887,-0.27
-0.029,0.881,-0.264
-0.02,0.881,-0.267
-0.019,0.874,-0.247
-0.018,0.88,-0.272
-0.023,0.859,-0.267
-0.023,0.857,-0.27
-0.023,0.847,-0.269
-0.025,0.844,-0.256
-0.023,0.843,-0.257
-0.025,0.829,-0.263
-0.03,0.821,-0.261
-0.027,0.823,-0.258
-0.023,0.817,-0.258
-0.027,0.814,-0.267
-0.028,0.81,-0.273
-0.026,0.798,-0.27
-0.023,0.803,-0.261
-0.028,0.792,-0.26
-0.026,0.788,-0.266
-0.025,0.783,-0.272
-0.03,0.777,-0.267
-0.025,0.776,-0.269
-0.032,0.778,-0.27
-0.027,0.774,-0.27
-0.031,0.771,-0.277
-0.028,0.775,-0.283
-0.029,0.776,-0.28
-0.025,0.768,-0.278
-0.031,0.771,-0.288
-0.029,0.775,-0.28
-0.031,0.785,-0.297
-0.035,0.78,-0.291
-0.029,0.779,-0.297
-0.03,0.776,-0.303
-0.027,0.792,-0.299
-0.025,0.787,-0.305
-0.034,0.796,-0.314
-0.037,0.796,-0.318
-0.04,0.801,-0.321
-0.035,0.799,-0.326
-0.035,0.812,-0.343
-0.036,0.814,-0.348
-0.03,0.821,-0.352
-0.03,0.835,-0.372
-0.037,0.848,-0.376
-0.034,0.866,-0.377
-0.031,0.889,-0.396
-0.029,0.923,-0.407
-0.024,0.951,-0.411
-0.014,0.979,-0.408
-0.017,1.003,-0.396
-0.008,1.025,-0.394
0.003,1.054,-0.39
0.007,1.051,-0.366
0.007,1.059,-0.353
0.013,1.057,-0.351
0.016,1.053,-0.335
0.011,1.042,-0.316
0.016,1.037,-0.31
0.017,1.027,-0.303
0.008,1.016,-0.3
0.011,1.006,-0.287
0.013,0.999,-0.279
0.0,0.985,-0.281
0.001,0.982,-0.297
0.004,0.979,-0.28
-0.003,0.971,-0.285
-0.003,0.963,-0.284
-0.01,0.951,-0.29
-0.007,0.957,-0.288
-0.011,0.956,-0.291
-0.008,0.952,-0.284
-0.021,0.937,-0.279
-0.009,0.945,-0.273
-0.02,0.939,-0.284
-0.013,0.932,-0.278
-0.015,0.932,-0.274
-0.022,0.927,-0.274
-0.019,0.92,-0.275
-0.023,0.91,-0.272
-0.015,0.926,-0.269
-0.016,0.909,-0.273
-0.021,0.906,-0.265
-0.031,0.901,-0.268
-0.018,0.892,-0.252
-0.018,0.894,-0.259
-0.02,0.882,-0.269
-0.031,0.882,-0.261
-0.021,0.876,-0.259
-0.018,0.873,-0.25
-0.02,0.859,-0.264
-0.017,0.859,-0.276
-0.022,0.856,-0.265
-0.021,0.838,-0.255
-0.023,0.824,-0.256
-0.019,0.829,-0.273
-0.031,0.829,-0.262
-0.028,0.816,-0.258
-0.026,0.811,-0.261
-0.026,0.81,-0.267
-0.023,0.808,-0.246
-0.029,0.806,-0.253
-0.025,0.804,-0.268
-0.038,0.797,-0.266
-0.027,0.794,-0.262
-0.021,0.786,-0.279
-0.026,0.78,-0.273
-0.023,0.778,-0.27
-0.023,0.783,-0.28
-0.033,0.78,-0.287
-0.037,0.786,-0.29
-0.034,0.779,-0.3
-0.031,0.778,-0.282
-0.034,0.769,-0.282
-0.035,0.782,-0.287
-0.031,0.783,-0.29
-0.024,0.776,-0.29
-0.032,0.781,-0.306
-0.03,0.783,-0.29
-0.027,0.783,-0.312
-0.033,0.784,-0.317
-0.027,0.78,-0.319
-0.022,0.795,-0.32
-0.026,0.799,-0.319
-0.029,0.801,-0.329
-0.027,0.803,-0.337
-0.035,0.811,-0.342
-0.03,0.818,-0.343
-0.032,0.825,-0.354
-0.037,0.829,-0.365
-0.032,0.843,-0.374
-0.037,0.876,-0.397
-0.032,0.897,-0.404
-0.025,0.918,-0.423
-0.027,0.95,-0.414
-0.015,0.981,-0.421
-0.009,1.009,-0.409
-0.006,1.034,-0.404
0.009,1.054,-0.398
0.005,1.059,-0.38
0.011,1.065,-0.366
0.017,1.062,-0.345
0.016,1.053,-0.334
0.009,1.05,-0.327
0.017,1.036,-0.322
0.017,1.022,-0.305
0.015,1.015,-0.293
0.011,0.999,-0.303
0.002,1.0,-0.305
0.012,0.989,-0.297
0.01,0.986,-0.296
0.011,0.978,-0.297
0.003,0.966,-0.292
-0.004,0.964,-0.295
0.0,0.963,-0.296
-0.002,0.954,-0.297
-0.012,0.953,-0.286
-0.008,0.949,-0.277
-0.012,0.949,-0.297
-0.014,0.938,-0.286
-0.008,0.937,-0.284
-0.015,0.936,-0.287
-0.014,0.936,-0.289
-0.02,0.929,-0.284
-0.012,0.928,-0.271
-0.013,0.916,-0.289
-0.02,0.919,-0.278
-0.016,0.914,-0.278
-0.02,0.906,-0.265
-0.015,0.903,-0.264
-0.015,0.906,-0.266
-0.014,0.895,-0.268
-0.018,0.887,-0.265
-0.019,0.872,-0.256
-0.02,0.875,-0.269
-0.02,0.873,-0.255
-0.016,0.86,-0.255
-0.022,0.848,-0.26
-0.02,0.843,-0.252
-0.016,0.842,-0.258
-0.021,0.836,-0.259
-0.017,0.828,-0.253
-0.019,0.834,-0.259
-0.025,0.819,-0.26
-0.03,0.818,-0.261
-0.027,0.809,-0.271
-0.032,0.804,-0.263
-0.024,0.804,-0.263
-0.026,0.795,-0.262
-0.023,0.795,-0.266
-0.028,0.788,-0.268
-0.027,0.792,-0.277
-0.023,0.79,-0.283
-0.032,0.776,-0.267
-0.025,0.789,-0.283
-0.027,0.776,-0.293
-0.031,0.771,-0.284
-0.033,0.777,-0.288
-0.026,0.773,-0.297
-0.028,0.771,-0.289
-0.03,0.784,-0.293
-0.032,0.772,-0.293
-0.032,0.777,-0.286
-0.03,0.778,-0.303
-0.027,0.782,-0.315
-0.033,0.776,-0.313
-0.03,0.776,-0.304
-0.032,0.79,-0.306
-0.031,0.787,-0.321
-0.034,0.799,-0.324
-0.029,0.797,-0.331
-0.023,0.808,-0.333
-0.031,0.816,-0.348
-0.027,0.815,-0.347
-0.034,0.823,-0.362
-0.027,0.839,-0.375
-0.032,0.845,-0.38
-0.033,0.859,-0.385
-0.031,0.878,-0.392
-0.025,0.913,-0.41
-0.019,0.938,-0.403
-0.017,0.968,-0.408
-0.013,0.994,-0.405
-0.001,1.025,-0.4
0.009,1.042,-0.392
0.011,1.053,-0.369
0.006,1.048,-0.355
0.02,1.063,-0.35
0.017,1.044,-0.338
0.011,1.046,-0.318
0.011,1.023,-0.312
0.015,1.021,-0.292
0.002,1.012,-0.3
0.012,0.996,-0.294
0.01,0.993,-0.288
0.001,0.985,-0.287
0.003,0.98,-0.277
-0.009,0.97,-0.289
-0.001,0.966,-0.287
-0.005,0.956,-0.28
-0.001,0.959,-0.285
-0.003,0.951,-0.28
-0.004,0.946,-0.29
0.001,0.948,-0.29
-0.008,0.946,-0.279
-0.009,0.938,-0.274
-0.013,0.937,-0.272
-0.019,0.928,-0.272
-0.003,0.932,-0.283
-0.02,0.924,-0.277
-0.014,0.923,-0.273
-0.012,0.92,-0.27
-0.016,0.911,-0.275
-0.023,0.903,-0.27
-0.015,0.907,-0.273
-0.015,0.899,-0.266
-0.014,0.884,-0.268
-0.029,0.817,-0.307
-0.044,0.71,-0.369
-0.025,0.64,-0.445
0.008,0.598,-0.512
0.06,0.594,-0.557
0.094,0.61,-0.606
0.137,0.644,-0.637
0.164,0.672,-0.666
0.203,0.718,-0.685
0.241,0.767,-0.715
0.273,0.814,-0.728
0.287,0.872,-0.738
0.314,0.921,-0.757
0.337,0.973,-0.765
0.355,1.024,-0.77
0.376,1.083,-0.762
0.396,1.13,-0.765
0.407,1.168,-0.768
0.423,1.213,-0.75
0.444,1.261,-0.753
0.452,1.31,-0.723
0.462,1.348,-0.727
0.48,1.383,-0.719
0.497,1.42,-0.698
0.5,1.443,-0.679
0.517,1.481,-0.652
0.521,1.49,-0.64
0.53,1.515,-0.628
0.546,1.53,-0.599
0.547,1.551,-0.578
0.546,1.562,-0.552
0.562,1.562,-0.533
0.564,1.558,-0.492
0.569,1.553,-0.458
0.571,1.547,-0.439
0.574,1.535,-0.422
0.582,1.514,-0.378
0.575,1.495,-0.353
0.586,1.479,-0.317
0.579,1.434,-0.294
0.584,1.407,-0.268
0.587,1.371,-0.235
0.585,1.334,-0.218
0.577,1.287,-0.185
0.58,1.247,-0.17
0.579,1.203,-0.137
0.573,1.155,-0.134
0.574,1.103,-0.109
0.564,1.066,-0.103
0.565,1.007,-0.087
0.57,0.958,-0.076
0.564,0.906,-0.065
0.557,0.859,-0.049
0.555,0.81,-0.034
0.542,0.767,-0.031
0.538,0.714,-0.031
0.522,0.662,-0.014
0.506,0.621,-0.005
0.501,0.584,0.003
0.485,0.535,0.005
0.473,0.477,0.01
0.463,0.431,0.023
0.451,0.377,0.013
0.426,0.324,0.021
0.422,0.272,0.036
0.414,0.217,0.025
0.403,0.171,0.024
0.389,0.125,0.023
0.374,0.074,0.007
0.363,0.031,-0.002
0.355,-0.004,-0.03
0.346,-0.051,-0.048
0.328,-0.073,-0.075
0.32,-0.108,-0.1
0.309,-0.136,-0.118
0.312,-0.144,-0.15
0.302,-0.165,-0.178
0.299,-0.174,-0.209
0.289,-0.17,-0.239
0.287,-0.17,-0.272
0.284,-0.163,-0.3
0.274,-0.151,-0.335
0.282,-0.125,-0.37
0.272,-0.104,-0.405
0.279,-0.073,-0.432
0.274,-0.039,-0.462
0.278,-0.006,-0.488
0.29,0.033,-0.517
0.281,0.091,-0.55
0.295,0.14,-0.575
0.291,0.181,-0.593
0.306,0.235,-0.617
0.314,0.283,-0.643
0.316,0.336,-0.665
0.323,0.392,-0.685
0.333,0.445,-0.706
0.335,0.51,-0.716
0.354,0.565,-0.727
0.355,0.624,-0.745
0.36,0.678,-0.755
0.375,0.736,-0.756
0.383,0.795,-0.767
0.396,0.847,-0.773
0.401,0.916,-0.783
0.416,0.976,-0.781
0.413,1.028,-0.773
0.436,1.088,-0.776
0.438,1.131,-0.763
0.455,1.183,-0.761
0.457,1.232,-0.754
0.471,1.27,-0.756
0.49,1.318,-0.735
0.49,1.358,-0.72
0.495,1.387,-0.71
0.51,1.428,-0.695
0.523,1.453,-0.675
0.527,1.478,-0.657
0.531,1.515,-0.627
0.544,1.521,-0.595
0.55,1.536,-0.594
0.558,1.552,-0.56
0.562,1.558,-0.53
0.575,1.557,-0.506
0.571,1.555,-0.482
0.584,1.552,-0.453
0.581,1.544,-0.427
0.584,1.536,-0.395
0.584,1.507,-0.369
0.596,1.493,-0.333
0.584,1.46,-0.311
0.585,1.427,-0.293
0.583,1.391,-0.262
0.588,1.359,-0.232
0.587,1.311,-0.206
0.577,1.269,-0.185
0.581,1.232,-0.149
0.581,1.19,-0.14
0.573,1.135,-0.118
0.564,1.091,-0.123
0.565,1.036,-0.092
0.571,0.993,-0.081
0.566,0.943,-0.071
0.556,0.898,-0.064
0.55,0.854,-0.054
0.542,0.796,-0.045
0.541,0.742,-0.033
0.52,0.69,-0.019
0.508,0.645,-0.023
0.507,0.604,-0.002
0.497,0.568,-0.012
0.485,0.527,0.002
0.477,0.472,0.014
0.462,0.42,0.028
0.441,0.362,0.024
0.424,0.313,0.033
0.41,0.258,0.031
0.407,0.217,0.024
0.397,0.165,0.018
0.379,0.113,0.021
0.374,0.065,-0.013
0.369,0.023,0.002
0.341,-0.022,-0.028
0.338,-0.063,-0.041
0.332,-0.092,-0.068
0.322,-0.107,-0.101
0.313,-0.13,-0.123
0.307,-0.156,-0.154
0.296,-0.172,-0.173
0.298,-0.172,-0.212
0.293,-0.165,-0.243
0.287,-0.164,-0.267
0.283,-0.147,-0.314
0.279,-0.139,-0.327
0.278,-0.117,-0.372
0.283,-0.093,-0.415
0.287,-0.058,-0.437
0.292,-0.021,-0.479
0.294,0.017,-0.514
0.294,0.057,-0.536
0.294,0.1,-0.558
0.304,0.146,-0.586
0.31,0.191,-0.593
0.317,0.234,-0.623
0.313,0.295,-0.642
0.324,0.345,-0.661
0.334,0.394,-0.688
0.336,0.46,-0.699
0.343,0.519,-0.714
0.35,0.591,-0.733
0.367,0.648,-0.741
0.379,0.703,-0.756
0.384,0.759,-0.758
0.382,0.808,-0.762
0.406,0.865,-0.776
0.409,0.926,-0.774
0.414,0.982,-0.778
0.433,1.041,-0.765
0.436,1.09,-0.768
0.447,1.147,-0.773
0.459,1.185,-0.75
0.47,1.237,-0.768
0.478,1.286,-0.738
0.489,1.333,-0.727
0.495,1.371,-0.723
0.507,1.408,-0.694
0.517,1.432,-0.678
0.522,1.46,-0.674
0.531,1.483,-0.639
0.545,1.521,-0.623
0.559,1.525,-0.609
0.55,1.537,-0.572
0.558,1.551,-0.557
0.569,1.555,-0.526
0.577,1.556,-0.513
0.565,1.553,-0.477
0.588,1.545,-0.442
0.594,1.543,-0.417
0.584,1.528,-0.384
0.593,1.502,-0.353
0.585,1.479,-0.326
0.587,1.454,-0.286
0.593,1.414,-0.262
0.59,1.379,-0.241
0.585,1.341,-0.22
0.581,1.311,-0.203
0.586,1.267,-0.163
0.576,1.213,-0.163
0.578,1.177,-0.139
0.57,1.127,-0.122
0.577,1.078,-0.104
0.569,1.023,-0.096
0.564,0.975,-0.083
0.561,0.926,-0.069
0.559,0.881,-0.049
0.551,0.834,-0.045
0.549,0.789,-0.032
0.542,0.737,-0.02
0.518,0.69,-0.024
0.517,0.649,-0.018
0.502,0.604,-0.009
0.488,0.559,0.001
0.476,0.507,0.011
0.471,0.467,0.033
0.454,0.409,0.024
0.446,0.354,0.028
0.429,0.287,0.039
0.419,0.25,0.034
0.406,0.204,0.025
0.405,0.156,0.02
0.383,0.109,0.02
0.37,0.061,0.007
0.362,0.011,-0.013
0.353,-0.029,-0.04
0.343,-0.065,-0.061
0.338,-0.097,-0.074
0.325,-0.123,-0.101
0.323,-0.133,-0.123
0.31,-0.16,-0.163
0.3,-0.172,-0.195
0.295,-0.172,-0.218
0.296,-0.167,-0.261
0.296,-0.162,-0.282
0.279,-0.155,-0.333
0.283,-0.135,-0.359
0.285,-0.116,-0.383
0.284,-0.079,-0.415
0.276,-0.05,-0.437
0.288,-0.023,-0.47
0.288,0.018,-0.497
0.294,0.055,-0.526
0.3,0.105,-0.546
0.301,0.141,-0.581
0.307,0.199,-0.612
0.313,0.253,-0.639
0.323,0.303,-0.639
0.318,0.359,-0.659
0.326,0.413,-0.695
0.338,0.477,-0.698
0.348,0.524,-0.719
0.355,0.584,-0.733
0.359,0.645,-0.75
0.374,0.699,-0.757
0.385,0.758,-0.775
0.391,0.821,-0.782
0.406,0.885,-0.774
0.417,0.949,-0.779
0.424,0.997,-0.777
0.436,1.054,-0.771
0.447,1.105,-0.77
0.457,1.163,-0.757
0.471,1.209,-0.763
0.476,1.255,-0.758
0.48,1.297,-0.733
0.489,1.347,-0.717
0.496,1.378,-0.706
0.511,1.415,-0.698
0.519,1.441,-0.668
0.526,1.457,-0.661
0.533,1.498,-0.633
0.542,1.508,-0.623
0.546,1.538,-0.608
0.559,1.535,-0.569
0.567,1.555,-0.549
0.575,1.558,-0.525
0.572,1.561,-0.503
0.583,1.556,-0.473
0.58,1.552,-0.45
0.586,1.537,-0.412
0.589,1.521,-0.389
0.588,1.51,-0.363
0.596,1.482,-0.336
0.588,1.457,-0.303
0.589,1.425,-0.27
0.595,1.382,-0.235
0.586,1.341,-0.217
0.585,1.293,-0.202
0.586,1.255,-0.172
0.582,1.212,-0.145
0.58,1.166,-0.15
0.575,1.111,-0.118
0.578,1.056,-0.103
0.571,1.014,-0.089
0.561,0.97,-0.065
0.561,0.919,-0.061
0.555,0.872,-0.046
0.556,0.825,-0.045
0.545,0.78,-0.039
0.529,0.73,-0.031
0.526,0.681,-0.019
0.508,0.633,-0.012
0.507,0.589,-0.014
0.492,0.54,0.001
0.473,0.503,0.001
0.463,0.454,0.021
0.45,0.393,0.031
0.438,0.344,0.029
0.419,0.289,0.032
0.411,0.243,0.038
0.4,0.193,0.018
0.386,0.137,0.032
0.378,0.097,0.013
0.368,0.043,-0.0
0.347,0.001,-0.018
0.345,-0.036,-0.035
0.337,-0.071,-0.06
0.321,-0.107,-0.09
0.32,-0.129,-0.105
0.312,-0.145,-0.144
0.301,-0.156,-0.174
0.305,-0.159,-0.199
0.288,-0.172,-0.223
0.289,-0.168,-0.255
0.285,-0.165,-0.289
0.286,-0.153,-0.323
0.275,-0.128,-0.353
0.276,-0.111,-0.386
0.286,-0.071,-0.411
0.284,-0.039,-0.448
0.296,-0.008,-0.498
0.287,0.032,-0.514
0.297,0.077,-0.54
0.286,0.116,-0.568
0.295,0.167,-0.581
0.3,0.218,-0.626
0.31,0.261,-0.601
0.318,0.324,-0.65
0.324,0.376,-0.672
0.338,0.438,-0.703
0.34,0.499,-0.709
0.352,0.56,-0.726
0.362,0.62,-0.731
0.37,0.676,-0.74
0.375,0.723,-0.767
0.387,0.795,-0.762
0.394,0.854,-0.773
0.406,0.911,-0.778
0.414,0.969,-0.785
0.422,1.015,-0.787
0.429,1.075,-0.773
0.443,1.118,-0.772
0.461,1.161,-0.769
0.468,1.224,-0.759
0.473,1.265,-0.741
0.482,1.313,-0.733
0.499,1.347,-0.717
0.5,1.391,-0.703
0.512,1.422,-0.685
0.526,1.458,-0.675
0.538,1.48,-0.666
0.541,1.505,-0.627
0.546,1.508,-0.615
0.555,1.536,-0.592
0.562,1.541,-0.561
0.561,1.555,-0.54
0.569,1.556,-0.514
0.574,1.563,-0.484
0.581,1.559,-0.452
0.582,1.54,-0.435
0.589,1.529,-0.388
0.582,1.509,-0.367
0.586,1.484,-0.345
0.589,1.466,-0.315
0.589,1.438,-0.281
0.59,1.398,-0.256
0.593,1.364,-0.226
0.59,1.33,-0.204
0.586,1.284,-0.187
0.577,1.241,-0.155
0.583,1.196,-0.151
0.577,1.145,-0.13
0.624,1.095,-0.123
0.653,0.935,-0.091
0.659,0.884,-0.112
0.771,0.837,-0.137
0.856,0.677,-0.179
0.863,0.595,-0.231
0.85,0.578,-0.261
0.871,0.574,-0.262
0.906,0.517,-0.251
0.933,0.48,-0.284
0.951,0.457,-0.336
0.971,0.461,-0.364
0.981,0.483,-0.393
0.979,0.5,-0.399
0.98,0.513,-0.403
0.98,0.526,-0.394
0.964,0.524,-0.407
0.969,0.525,-0.399
0.964,0.521,-0.402
0.96,0.513,-0.402
0.963,0.517,-0.402
0.963,0.504,-0.404
0.957,0.495,-0.392
0.952,0.493,-0.404
0.957,0.488,-0.397
0.952,0.487,-0.394
0.959,0.493,-0.416
0.955,0.488,-0.401
0.95,0.483,-0.422
0.956,0.485,-0.415
0.952,0.477,-0.423
0.956,0.475,-0.428
0.954,0.474,-0.432
0.956,0.482,-0.432
0.944,0.484,-0.428
0.951,0.475,-0.431
0.949,0.477,-0.445
0.949,0.481,-0.438
0.949,0.485,-0.446
0.956,0.488,-0.455
0.943,0.486,-0.45
0.95,0.49,-0.448
0.947,0.496,-0.461
0.946,0.492,-0.456
0.941,0.502,-0.462
0.948,0.499,-0.469
0.949,0.501,-0.459
0.95,0.499,-0.47
0.949,0.509,-0.47
0.945,0.506,-0.47
0.949,0.506,-0.479
0.954,0.513,-0.474
0.949,0.523,-0.46
0.945,0.531,-0.469
0.943,0.527,-0.474
0.941,0.531,-0.481
0.946,0.539,-0.472
0.95,0.545,-0.463
0.947,0.548,-0.479
0.952,0.549,-0.48
0.95,0.553,-0.481
0.954,0.559,-0.475
0.956,0.569,-0.467
0.954,0.565,-0.471
0.959,0.572,-0.48
0.961,0.571,-0.477
0.949,0.588,-0.489
0.948,0.579,-0.472
0.957,0.576,-0.468
0.958,0.59,-0.464
0.961,0.595,-0.473
0.96,0.59,-0.464
0.959,0.602,-0.463
0.96,0.602,-0.461
0.95,0.592,-0.455
0.957,0.597,-0.456
0.96,0.607,-0.439
0.961,0.595,-0.437
0.958,0.602,-0.438
0.967,0.599,-0.433
0.966,0.597,-0.424
0.96,0.592,-0.419
0.948,0.583,-0.419
0.954,0.575,-0.417
0.95,0.581,-0.406
0.944,0.561,-0.4
0.951,0.549,-0.402
0.947,0.537,-0.398
0.945,0.531,-0.392
0.941,0.519,-0.384
0.946,0.507,-0.389
0.944,0.489,-0.393
0.94,0.476,-0.386
0.93,0.461,-0.406
0.933,0.455,-0.414
0.928,0.459,-0.419
0.92,0.456,-0.435
0.924,0.455,-0.456
0.926,0.475,-0.467
0.928,0.491,-0.485
0.93,0.512,-0.477
0.937,0.532,-0.488
0.953,0.547,-0.496
0.95,0.565,-0.488
0.958,0.571,-0.472
0.958,0.574,-0.47
0.963,0.577,-0.465
0.958,0.572,-0.452
0.963,0.577,-0.446
0.953,0.571,-0.431
0.961,0.561,-0.432
0.956,0.556,-0.42
0.953,0.545,-0.423
0.955,0.541,-0.419
0.956,0.533,-0.423
0.957,0.527,-0.419
0.958,0.518,-0.409
0.961,0.515,-0.428
0.963,0.51,-0.423
0.956,0.502,-0.419
0.957,0.502,-0.411
0.951,0.499,-0.423
0.955,0.492,-0.421
0.944,0.49,-0.416
0.949,0.477,-0.421
0.95,0.485,-0.43
0.954,0.484,-0.43
0.946,0.479,-0.438
0.953,0.478,-0.436
0.953,0.483,-0.436
0.951,0.485,-0.442
0.95,0.483,-0.456
0.951,0.483,-0.442
0.952,0.486,-0.45
0.945,0.479,-0.457
0.95,0.485,-0.452
0.949,0.486,-0.443
0.948,0.487,-0.441
0.954,0.5,-0.456
0.939,0.496,-0.468
0.947,0.504,-0.458
0.946,0.507,-0.467
0.941,0.512,-0.478
0.954,0.521,-0.463
0.953,0.525,-0.472
0.949,0.516,-0.47
0.947,0.526,-0.469
0.954,0.531,-0.48
0.947,0.542,-0.466
0.957,0.545,-0.468
0.947,0.542,-0.466
0.951,0.55,-0.46
0.951,0.549,-0.477
0.945,0.561,-0.477
0.957,0.564,-0.484
0.953,0.566,-0.468
0.954,0.573,-0.473
0.953,0.564,-0.468
0.951,0.578,-0.475
0.955,0.587,-0.47
0.947,0.581,-0.478
0.945,0.587,-0.468
0.952,0.591,-0.462
0.96,0.595,-0.453
0.956,0.602,-0.463
0.955,0.596,-0.461
0.959,0.597,-0.458
0.961,0.598,-0.45
0.956,0.595,-0.444
0.954,0.594,-0.441
0.955,0.598,-0.445
0.958,0.591,-0.43
0.954,0.586,-0.429
0.958,0.586,-0.427
0.953,0.584,-0.42
0.956,0.582,-0.413
0.954,0.574,-0.413
0.959,0.559,-0.4
0.95,0.558,-0.404
0.946,0.545,-0.389
0.942,0.529,-0.381
0.94,0.514,-0.387
0.941,0.5,-0.386
0.931,0.483,-0.384
0.932,0.47,-0.385
0.932,0.463,-0.399
0.933,0.462,-0.409
0.927,0.449,-0.42
0.923,0.453,-0.43
0.934,0.466,-0.452
0.926,0.475,-0.468
0.936,0.497,-0.478
0.935,0.51,-0.466
0.931,0.524,-0.485
0.942,0.548,-0.492
0.95,0.557,-0.474
0.953,0.568,-0.476
0.961,0.585,-0.47
0.957,0.576,-0.455
0.959,0.577,-0.444
0.96,0.577,-0.45
0.97,0.571,-0.435
0.962,0.568,-0.426
0.964,0.559,-0.413
0.97,0.549,-0.416
0.961,0.542,-0.427
0.959,0.536,-0.405
0.964,0.525,-0.415
0.962,0.522,-0.423
0.962,0.522,-0.422
0.958,0.51,-0.413
0.955,0.502,-0.426
0.954,0.501,-0.412
0.957,0.491,-0.409
0.959,0.487,-0.406
0.959,0.486,-0.415
0.956,0.487,-0.415
0.952,0.492,-0.417
0.955,0.476,-0.424
0.957,0.486,-0.427
0.953,0.48,-0.438
0.951,0.479,-0.431
0.948,0.479,-0.433
0.947,0.474,-0.431
0.952,0.488,-0.437
0.952,0.483,-0.434
0.952,0.485,-0.445
0.949,0.488,-0.446
0.953,0.486,-0.443
0.946,0.49,-0.457
0.945,0.499,-0.464
0.944,0.499,-0.464
0.948,0.506,-0.455
0.94,0.503,-0.456
0.952,0.505,-0.451
0.94,0.513,-0.465
0.942,0.514,-0.472
0.949,0.517,-0.476
0.947,0.523,-0.47
0.939,0.53,-0.47
0.942,0.533,-0.462
0.944,0.545,-0.473
0.94,0.548,-0.475
0.953,0.553,-0.478
0.95,0.552,-0.472
0.945,0.557,-0.48
0.957,0.565,-0.475
0.947,0.568,-0.477
0.955,0.576,-0.473
0.957,0.576,-0.475
0.954,0.582,-0.463
0.943,0.583,-0.457
0.949,0.588,-0.471
0.95,0.591,-0.455
0.955,0.591,-0.45
0.956,0.598,-0.466
0.946,0.585,-0.463
0.956,0.596,-0.459
0.954,0.593,-0.463
0.959,0.596,-0.447
0.951,0.593,-0.455
0.964,0.591,-0.436
0.957,0.594,-0.447
0.961,0.596,-0.438
0.957,0.593,-0.441
0.951,0.594,-0.439
0.957,0.586,-0.425
0.964,0.578,-0.416
0.956,0.572,-0.409
0.949,0.563,-0.411
0.944,0.554,-0.397
0.95,0.546,-0.387
0.947,0.528,-0.384
0.939,0.515,-0.394
0.944,0.501,-0.381
0.939,0.49,-0.387
0.939,0.473,-0.386
0.935,0.454,-0.395
0.935,0.457,-0.398
0.929,0.448,-0.408
0.925,0.448,-0.43
0.931,0.453,-0.45
0.932,0.46,-0.47
0.927,0.451,-0.473
0.934,0.5,-0.483
0.946,0.519,-0.489
0.942,0.541,-0.5
0.949,0.554,-0.484
0.953,0.57,-0.478
0.957,0.578,-0.478
0.965,0.581,-0.466
0.972,0.577,-0.451
0.961,0.574,-0.46
0.963,0.567,-0.442
0.962,0.569,-0.432
0.963,0.559,-0.442
0.962,0.554,-0.416
0.964,0.54,-0.431
0.961,0.547,-0.428
0.957,0.529,-0.421
0.962,0.521,-0.421
0.954,0.514,-0.421
0.96,0.513,-0.422
0.965,0.499,-0.417
0.97,0.497,-0.43
0.959,0.497,-0.433
0.956,0.503,-0.42
0.956,0.493,-0.423
0.948,0.486,-0.428
0.946,0.482,-0.437
0.954,0.482,-0.429
0.949,0.48,-0.445
0.954,0.483,-0.438
0.95,0.479,-0.442
0.955,0.48,-0.449
0.959,0.479,-0.439
0.954,0.479,-0.45
0.956,0.484,-0.45
0.951,0.483,-0.455
0.951,0.49,-0.454
0.953,0.49,-0.456
0.954,0.491,-0.468
0.955,0.495,-0.457
0.95,0.489,-0.464
0.946,0.5,-0.467
0.959,0.51,-0.466
0.952,0.512,-0.47
0.951,0.51,-0.472
0.953,0.514,-0.473
0.952,0.521,-0.467
0.947,0.522,-0.473
0.944,0.531,-0.475
0.943,0.54,-0.474
0.952,0.533,-0.478
0.953,0.549,-0.482
0.958,0.543,-0.487
0.942,0.554,-0.476
0.954,0.548,-0.473
0.949,0.558,-0.475
0.954,0.568,-0.476
0.95,0.566,-0.476
0.966,0.576,-0.477
0.957,0.575,-0.477
0.961,0.587,-0.483
0.962,0.583,-0.478
0.961,0.587,-0.466
0.961,0.587,-0.474
0.955,0.586,-0.464
0.957,0.597,-0.466
0.949,0.595,-0.468
0.954,0.589,-0.457
0.965,0.601,-0.456
0.961,0.596,-0.458
0.963,0.601,-0.447
0.957,0.598,-0.448
0.958,0.597,-0.436
0.957,0.597,-0.44
0.959,0.583,-0.433
0.963,0.592,-0.433
0.954,0.587,-0.421
0.95,0.58,-0.41
0.955,0.564,-0.406
0.951,0.559,-0.401
0.952,0.55,-0.399
0.946,0.541,-0.401
0.941,0.526,-0.391
0.939,0.509,-0.395
0.939,0.499,-0.397
0.934,0.49,-0.397
0.936,0.47,-0.395
0.93,0.465,-0.402
0.935,0.449,-0.412
0.928,0.459,-0.428
0.925,0.464,-0.453
0.935,0.464,-0.458
0.922,0.471,-0.475
0.93,0.483,-0.481
0.934,0.517,-0.483
0.937,0.531,-0.49
0.944,0.547,-0.485
0.952,0.558,-0.489
0.952,0.568,-0.48
0.958,0.575,-0.461
0.961,0.581,-0.46
0.956,0.58,-0.457
0.963,0.574,-0.446
0.954,0.565,-0.449
0.957,0.561,-0.44
0.961,0.555,-0.44
0.959,0.545,-0.428
0.966,0.536,-0.434
0.958,0.533,-0.423
0.954,0.529,-0.411
0.958,0.526,-0.425
0.959,0.511,-0.415
0.961,0.507,-0.424
0.961,0.497,-0.419
0.959,0.506,-0.424
0.956,0.498,-0.409
0.954,0.488,-0.417
0.956,0.487,-0.422
0.956,0.484,-0.43
0.95,0.484,-0.434
0.958,0.475,-0.441
0.953,0.477,-0.434
0.961,0.484,-0.443
0.951,0.477,-0.451
0.944,0.483,-0.445
0.948,0.478,-0.446
0.944,0.49,-0.448
0.948,0.487,-0.449
0.944,0.488,-0.459
0.949,0.489,-0.458
0.948,0.492,-0.464
0.951,0.498,-0.459
0.956,0.504,-0.467
0.95,0.499,-0.463
0.943,0.508,-0.476
0.919,0.464,-0.513
0.826,0.445,-0.628
0.638,0.477,-0.728
0.412,0.583,-0.734
0.184,0.721,-0.671
0.043,0.825,-0.528
-0.013,0.857,-0.389
-0.016,0.829,-0.258
0.015,0.761,-0.146
0.059,0.682,-0.095
0.104,0.589,-0.031
0.139,0.498,-0.008
0.18,0.41,0.021
0.211,0.338,0.017
0.233,0.258,0.028
0.255,0.196,0.012
0.274,0.137,0.021
0.299,0.075,-0.003
0.303,0.032,-0.011
0.312,-0.015,-0.038
0.317,-0.055,-0.064
0.324,-0.094,-0.085
0.334,-0.117,-0.104
0.339,-0.144,-0.128
0.329,-0.162,-0.154
0.326,-0.174,-0.173
0.327,-0.185,-0.208
0.335,-0.188,-0.246
0.315,-0.184,-0.275
0.327,-0.174,-0.304
0.315,-0.168,-0.326
0.324,-0.145,-0.351
0.325,-0.121,-0.4
0.333,-0.096,-0.435
0.333,-0.06,-0.453
0.341,-0.025,-0.49
0.344,0.026,-0.527
0.359,0.054,-0.554
0.361,0.097,-0.582
0.372,0.144,-0.604
0.373,0.186,-0.628
0.386,0.243,-0.65
0.394,0.291,-0.655
0.409,0.344,-0.679
0.419,0.385,-0.698
0.429,0.441,-0.705
0.448,0.511,-0.729
0.473,0.564,-0.733
0.473,0.617,-0.75
0.491,0.662,-0.763
0.501,0.723,-0.779
0.504,0.774,-0.783
0.51,0.833,-0.797
0.521,0.895,-0.797
0.532,0.964,-0.812
0.542,1.013,-0.812
0.545,1.068,-0.81
0.555,1.114,-0.805
0.55,1.178,-0.801
0.564,1.228,-0.797
0.567,1.282,-0.777
0.584,1.33,-0.773
0.59,1.373,-0.747
0.594,1.421,-0.744
0.602,1.45,-0.723
0.603,1.469,-0.697
0.602,1.503,-0.676
0.613,1.529,-0.658
0.621,1.554,-0.621
0.623,1.563,-0.604
0.625,1.585,-0.588
0.633,1.584,-0.561
0.639,1.588,-0.531
0.636,1.593,-0.505
0.637,1.584,-0.462
0.638,1.573,-0.451
0.633,1.562,-0.406
0.647,1.533,-0.379
0.648,1.518,-0.331
0.643,1.491,-0.308
0.635,1.463,-0.278
0.636,1.433,-0.257
0.626,1.395,-0.228
0.638,1.36,-0.203
0.619,1.317,-0.179
0.625,1.273,-0.158
0.616,1.233,-0.131
0.612,1.179,-0.112
0.61,1.127,-0.085
0.602,1.068,-0.061
0.593,1.008,-0.043
0.59,0.947,-0.021
0.584,0.886,-0.01
0.574,0.831,0.011
0.569,0.769,0.026
0.546,0.711,0.029
0.533,0.64,0.041
0.525,0.587,0.049
0.521,0.528,0.04
0.51,0.479,0.049
0.5,0.424,0.047
0.483,0.353,0.041
0.486,0.318,0.048
0.47,0.26,0.048
0.455,0.197,0.034
0.452,0.151,0.017
0.444,0.1,0.014
0.438,0.068,0.011
0.429,0.023,-0.02
0.416,-0.019,-0.034
0.405,-0.057,-0.056
0.401,-0.08,-0.071
0.393,-0.108,-0.092
0.382,-0.131,-0.105
0.379,-0.148,-0.132
0.366,-0.159,-0.163
0.365,-0.175,-0.193
0.357,-0.175,-0.216
0.361,-0.185,-0.242
0.356,-0.182,-0.278
0.353,-0.174,-0.302
0.347,-0.16,-0.341
0.343,-0.148,-0.363
0.351,-0.121,-0.406
0.346,-0.091,-0.426
0.345,-0.067,-0.462
0.344,-0.033,-0.477
0.356,0.012,-0.504
0.36,0.049,-0.538
0.366,0.084,-0.562
0.36,0.139,-0.597
0.387,0.19,-0.621
0.391,0.242,-0.639
0.406,0.297,-0.658
0.419,0.354,-0.677
0.423,0.4,-0.689
0.446,0.456,-0.707
0.462,0.504,-0.722
0.468,0.559,-0.74
0.473,0.605,-0.738
0.485,0.661,-0.741
0.501,0.712,-0.755
0.509,0.766,-0.767
0.512,0.817,-0.778
0.521,0.878,-0.79
0.526,0.943,-0.803
0.54,1.007,-0.815
0.553,1.068,-0.807
0.554,1.123,-0.816
0.562,1.168,-0.813
0.569,1.217,-0.787
0.576,1.261,-0.781
0.583,1.303,-0.769
0.59,1.356,-0.753
0.589,1.388,-0.737
0.597,1.423,-0.723
0.6,1.454,-0.702
0.606,1.492,-0.701
0.615,1.524,-0.667
0.615,1.545,-0.638
0.624,1.564,-0.618
0.633,1.578,-0.584
0.637,1.592,-0.563
0.636,1.588,-0.53
0.637,1.588,-0.505
0.645,1.592,-0.472
0.649,1.581,-0.436
0.647,1.564,-0.408
0.637,1.552,-0.385
0.643,1.527,-0.364
0.651,1.51,-0.334
0.643,1.474,-0.303
0.634,1.454,-0.262
0.638,1.416,-0.248
0.631,1.376,-0.215
0.627,1.328,-0.189
0.624,1.289,-0.159
0.625,1.245,-0.134
